tenure,monthlycharges,totalcharges,seniorcitizen,Actual_Churn,Risk_Score,Risk_Level,Annual_Revenue
61,25.0,1501.75,1,0,1.45,Low Risk,300.0
19,24.7,465.85,0,0,10.47,Low Risk,296.4
13,102.25,1359.0,0,1,65.39,Medium Risk,1227.0
37,55.05,2030.75,0,0,9.33,Low Risk,660.5999999999999
6,29.45,161.45,0,0,24.04,Low Risk,353.4
3,29.8,94.4,0,0,28.06,Low Risk,357.6
52,80.85,4079.55,1,0,17.56,Low Risk,970.1999999999999
15,91.5,1400.3,1,0,70.83,High Risk,1098.0
26,69.5,1800.05,0,0,24.4,Low Risk,834.0
66,85.25,5538.35,0,0,5.52,Low Risk,1023.0
4,86.05,308.1,0,0,65.12,Medium Risk,1032.6
8,75.0,632.95,0,1,52.15,Medium Risk,900.0
48,20.15,982.95,0,0,1.45,Low Risk,241.79999999999998
10,73.55,693.3,0,0,47.87,Medium Risk,882.5999999999999
64,115.1,7334.05,0,0,17.71,Low Risk,1381.1999999999998
22,93.2,2157.3,0,0,47.16,Medium Risk,1118.4
1,93.55,93.55,1,1,84.56,High Risk,1122.6
67,50.55,3260.1,0,0,1.35,Low Risk,606.5999999999999
22,89.4,2001.5,0,1,43.81,Medium Risk,1072.8000000000002
65,91.85,5940.85,0,1,7.51,Low Risk,1102.1999999999998
34,30.4,938.65,0,0,4.95,Low Risk,364.79999999999995
72,20.05,1423.65,0,0,0.29,Low Risk,240.60000000000002
5,51.35,262.3,0,0,39.17,Low Risk,616.2
46,98.85,4564.9,1,0,37.09,Low Risk,1186.1999999999998
2,70.15,123.8,0,0,56.97,Medium Risk,841.8000000000001
37,58.75,2203.1,0,0,10.54,Low Risk,705.0
33,25.7,826.1,0,0,4.57,Low Risk,308.4
16,19.3,360.35,0,0,10.84,Low Risk,231.60000000000002
6,74.9,469.8,0,1,54.86,Medium Risk,898.8000000000001
13,55.95,734.35,0,1,31.24,Low Risk,671.4000000000001
47,95.2,4563.0,0,0,19.9,Low Risk,1142.4
1,69.5,69.5,0,1,58.0,Medium Risk,834.0
39,80.0,3182.95,0,1,18.19,Low Risk,960.0
63,108.5,6991.9,1,0,26.43,Low Risk,1302.0
10,18.85,163.2,0,0,15.03,Low Risk,226.20000000000002
10,24.0,226.55,0,0,17.15,Low Risk,288.0
18,95.05,1679.4,0,0,53.4,Medium Risk,1140.6
1,49.8,49.8,0,0,44.02,Medium Risk,597.5999999999999
66,56.6,3789.2,0,0,1.87,Low Risk,679.2
69,20.3,1356.3,1,0,0.71,Low Risk,243.60000000000002
3,69.35,191.35,0,1,54.97,Medium Risk,832.1999999999999
68,19.6,1441.65,0,0,0.38,Low Risk,235.20000000000002
6,19.45,113.5,0,0,19.1,Low Risk,233.39999999999998
72,19.85,1434.1,0,0,0.29,Low Risk,238.20000000000002
58,100.4,5749.8,1,0,24.6,Low Risk,1204.8000000000002
45,105.15,4730.9,0,0,28.1,Low Risk,1261.8000000000002
68,110.2,7467.5,0,0,12.64,Low Risk,1322.4
32,99.55,3204.65,0,1,38.88,Low Risk,1194.6
1,74.9,74.9,0,1,61.71,Medium Risk,898.8000000000001
9,70.5,597.9,0,0,47.05,Medium Risk,846.0
19,24.85,434.8,0,0,10.46,Low Risk,298.20000000000005
60,65.85,3928.3,0,0,3.73,Low Risk,790.1999999999999
29,78.9,2384.15,0,1,27.44,Low Risk,946.8000000000001
72,114.05,8468.2,0,0,12.68,Low Risk,1368.6
43,94.3,3953.15,1,0,36.5,Low Risk,1131.6
1,69.9,69.9,0,1,58.28,Medium Risk,838.8000000000001
15,76.5,1155.6,0,0,43.25,Medium Risk,918.0
3,90.7,237.65,0,0,69.3,Medium Risk,1088.4
49,99.8,4872.45,0,1,20.62,Low Risk,1197.6
12,89.55,1021.75,0,0,57.12,Medium Risk,1074.6
1,80.85,80.85,0,1,65.65,Medium Risk,970.1999999999999
21,20.5,402.85,0,0,8.19,Low Risk,246.0
18,74.8,1438.05,0,0,38.19,Low Risk,897.5999999999999
72,92.45,6440.25,1,1,9.9,Low Risk,1109.4
72,19.3,1414.8,0,0,0.29,Low Risk,231.60000000000002
46,74.8,3548.3,0,0,11.11,Low Risk,897.5999999999999
7,76.45,503.6,1,1,70.36,High Risk,917.4000000000001
72,84.7,5893.9,0,0,3.86,Low Risk,1016.4000000000001
39,19.9,791.15,0,0,2.58,Low Risk,238.79999999999998
72,78.45,5682.25,1,0,6.07,Low Risk,941.4000000000001
1,50.75,50.75,0,0,44.69,Medium Risk,609.0
72,19.9,1529.65,0,0,0.3,Low Risk,238.79999999999998
6,82.85,460.25,0,1,60.34,Medium Risk,994.1999999999999
44,19.9,868.1,0,0,1.86,Low Risk,238.79999999999998
1,20.95,20.95,0,1,25.63,Low Risk,251.39999999999998
18,20.1,370.5,0,0,9.77,Low Risk,241.20000000000002
41,68.5,2839.95,0,0,11.6,Low Risk,822.0
48,20.2,1027.25,0,0,1.46,Low Risk,242.39999999999998
72,117.5,8670.1,0,0,14.23,Low Risk,1410.0
62,70.45,4300.45,0,0,3.93,Low Risk,845.4000000000001
1,19.45,19.45,0,0,24.82,Low Risk,233.39999999999998
11,79.0,929.3,0,0,51.02,Medium Risk,948.0
12,81.7,858.6,0,1,50.87,Medium Risk,980.4000000000001
35,86.45,3029.1,0,1,25.61,Low Risk,1037.4
17,70.8,1207.0,0,0,36.23,Low Risk,849.5999999999999
34,78.95,2647.2,0,0,21.82,Low Risk,947.4000000000001
59,90.3,5194.05,0,0,9.41,Low Risk,1083.6
41,66.5,2728.6,0,1,10.84,Low Risk,798.0
35,25.45,809.25,0,0,3.96,Low Risk,305.4
72,80.2,5714.2,0,0,3.31,Low Risk,962.4000000000001
24,54.8,1291.3,1,0,30.84,Low Risk,657.5999999999999
43,64.85,2908.2,0,0,9.42,Low Risk,778.1999999999999
10,94.85,953.45,0,1,63.78,Medium Risk,1138.1999999999998
28,60.0,1682.05,0,0,17.34,Low Risk,720.0
43,90.25,3838.75,1,0,33.43,Low Risk,1083.0
72,20.25,1566.9,0,0,0.3,Low Risk,243.0
24,56.25,1454.25,0,0,19.35,Low Risk,675.0
9,70.05,564.4,0,0,46.58,Medium Risk,840.5999999999999
6,48.95,273.25,0,0,35.97,Low Risk,587.4000000000001
46,30.75,1489.3,0,0,2.43,Low Risk,369.0
57,20.65,1125.6,0,0,0.8,Low Risk,247.79999999999998
68,100.2,6851.65,1,1,16.31,Low Risk,1202.4
24,96.55,2263.45,1,0,63.4,Medium Risk,1158.6
26,83.75,2070.6,0,1,33.66,Low Risk,1005.0
1,55.55,55.55,0,0,48.1,Medium Risk,666.5999999999999
72,105.55,7542.25,0,0,8.84,Low Risk,1266.6
33,80.6,2656.5,1,1,38.52,Low Risk,967.1999999999999
39,49.8,1971.15,0,0,7.08,Low Risk,597.5999999999999
9,75.85,724.65,0,0,51.4,Medium Risk,910.1999999999999
41,35.4,1412.4,0,0,3.84,Low Risk,424.79999999999995
71,97.65,6687.85,0,0,6.68,Low Risk,1171.8000000000002
22,20.75,452.35,0,0,7.79,Low Risk,249.0
72,82.3,5815.15,0,0,3.57,Low Risk,987.5999999999999
13,96.85,1235.55,1,0,75.97,High Risk,1162.1999999999998
68,25.5,1821.8,0,0,0.48,Low Risk,306.0
1,44.6,44.6,0,0,40.39,Medium Risk,535.2
70,19.8,1397.65,0,0,0.33,Low Risk,237.60000000000002
68,58.25,3975.7,0,0,1.76,Low Risk,699.0
37,40.2,1448.8,0,1,5.74,Low Risk,482.40000000000003
41,19.7,804.25,0,0,2.24,Low Risk,236.39999999999998
4,75.35,273.4,1,0,73.18,High Risk,904.1999999999999
4,88.45,370.65,0,1,66.9,Medium Risk,1061.4
72,103.65,7634.8,0,0,8.54,Low Risk,1243.8000000000002
23,19.8,465.45,0,0,7.13,Low Risk,237.60000000000002
15,25.05,369.1,0,0,13.33,Low Risk,300.6
13,45.55,597.0,0,1,24.81,Low Risk,546.5999999999999
5,20.5,104.3,0,0,20.67,Low Risk,246.0
46,70.6,3231.05,0,0,9.5,Low Risk,847.1999999999999
12,33.6,435.45,0,0,19.68,Low Risk,403.20000000000005
44,19.5,835.5,0,0,1.82,Low Risk,234.0
68,44.95,3085.35,0,0,1.04,Low Risk,539.4000000000001
1,19.9,19.9,0,1,25.06,Low Risk,238.79999999999998
30,19.8,576.65,0,0,4.57,Low Risk,237.60000000000002
41,102.6,4213.35,0,1,30.54,Low Risk,1231.1999999999998
14,85.15,1139.2,0,1,51.04,Medium Risk,1021.8000000000001
59,94.75,5597.65,0,0,11.23,Low Risk,1137.0
56,19.55,1080.55,0,0,0.83,Low Risk,234.60000000000002
11,84.8,906.85,1,1,70.92,High Risk,1017.5999999999999
54,108.0,5760.65,0,0,21.24,Low Risk,1296.0
36,55.8,1941.5,0,0,9.99,Low Risk,669.5999999999999
16,19.75,284.35,0,0,10.84,Low Risk,237.0
30,80.8,2369.3,0,0,27.07,Low Risk,969.5999999999999
46,72.8,3249.4,0,0,10.08,Low Risk,873.5999999999999
25,54.3,1296.8,0,0,17.07,Low Risk,651.5999999999999
8,75.75,606.25,1,1,68.83,Medium Risk,909.0
57,65.2,3687.85,0,0,4.31,Low Risk,782.4000000000001
72,116.75,8277.05,1,0,23.21,Low Risk,1401.0
35,70.55,2419.0,1,0,28.19,Low Risk,846.5999999999999
1,45.4,45.4,0,1,40.94,Medium Risk,544.8
6,75.5,438.0,0,1,55.15,Medium Risk,906.0
45,25.9,1216.6,0,0,2.17,Low Risk,310.79999999999995
1,45.2,45.2,1,0,57.88,Medium Risk,542.4000000000001
72,84.7,6185.15,0,0,4.06,Low Risk,1016.4000000000001
72,55.65,3880.05,0,0,1.22,Low Risk,667.8
9,45.4,418.8,0,1,29.67,Low Risk,544.8
49,89.85,4287.2,1,0,26.05,Low Risk,1078.1999999999998
23,83.2,2032.3,0,0,37.99,Low Risk,998.4000000000001
35,91.5,3236.35,0,0,29.18,Low Risk,1098.0
5,43.25,219.0,0,1,33.67,Low Risk,519.0
13,84.05,1095.3,0,1,51.82,Medium Risk,1008.5999999999999
45,50.25,2221.55,0,0,5.03,Low Risk,603.0
12,74.15,741.4,0,0,45.01,Medium Risk,889.8000000000001
72,21.15,1419.4,0,0,0.3,Low Risk,253.79999999999998
1,19.4,19.4,0,0,24.79,Low Risk,232.79999999999998
37,78.9,2976.95,0,0,19.3,Low Risk,946.8000000000001
45,18.85,867.3,0,0,1.68,Low Risk,226.20000000000002
9,94.85,890.6,0,1,65.14,Medium Risk,1138.1999999999998
15,101.35,1553.95,0,1,62.35,Medium Risk,1216.1999999999998
1,94.6,94.6,0,1,73.9,High Risk,1135.1999999999998
22,85.35,1961.6,1,0,57.9,Medium Risk,1024.1999999999998
2,80.95,171.15,0,1,64.47,Medium Risk,971.4000000000001
60,71.75,4374.55,1,0,8.98,Low Risk,861.0
26,69.05,1815.65,0,0,24.22,Low Risk,828.5999999999999
15,19.65,270.6,0,0,11.48,Low Risk,235.79999999999998
35,80.05,2835.9,0,0,21.72,Low Risk,960.5999999999999
42,104.75,4323.45,1,1,46.96,Medium Risk,1257.0
43,56.35,2391.15,0,0,6.94,Low Risk,676.2
11,102.0,1145.35,0,1,67.53,Medium Risk,1224.0
37,90.6,3358.65,0,0,26.29,Low Risk,1087.1999999999998
65,107.65,7082.85,0,0,13.44,Low Risk,1291.8000000000002
1,46.3,46.3,0,1,41.57,Medium Risk,555.5999999999999
16,65.2,1043.35,0,1,33.56,Low Risk,782.4000000000001
72,68.75,4888.2,0,0,2.1,Low Risk,825.0
1,24.9,24.9,0,0,27.84,Low Risk,298.79999999999995
4,42.4,146.4,0,0,34.42,Low Risk,508.79999999999995
72,64.75,4804.75,0,0,1.85,Low Risk,777.0
30,90.4,2820.65,0,0,34.54,Low Risk,1084.8000000000002
5,85.3,420.45,0,0,63.47,Medium Risk,1023.5999999999999
53,95.95,5036.9,0,0,15.32,Low Risk,1151.4
1,25.25,25.25,1,1,43.71,Medium Risk,303.0
3,55.35,165.2,0,1,44.94,Medium Risk,664.2
3,89.85,244.45,0,0,68.81,Medium Risk,1078.1999999999998
67,101.4,6841.05,1,0,17.76,Low Risk,1216.8000000000002
23,57.2,1423.35,0,0,20.82,Low Risk,686.4000000000001
72,75.4,5480.25,0,0,2.79,Low Risk,904.8000000000001
26,44.45,1183.8,0,0,12.45,Low Risk,533.4000000000001
71,89.85,6293.45,1,0,9.64,Low Risk,1078.1999999999998
68,89.95,5974.3,0,0,5.9,Low Risk,1079.4
2,75.9,143.35,0,1,61.0,Medium Risk,910.8000000000001
64,90.6,5817.45,0,0,7.6,Low Risk,1087.1999999999998
22,20.45,471.55,0,0,7.75,Low Risk,245.39999999999998
27,104.65,2964.0,1,0,66.63,Medium Risk,1255.8000000000002
60,103.75,5969.95,0,0,13.99,Low Risk,1245.0
51,59.9,3043.6,0,0,5.01,Low Risk,718.8
8,84.95,668.4,0,1,59.27,Medium Risk,1019.4000000000001
7,71.05,472.65,0,0,50.4,Medium Risk,852.5999999999999
24,19.7,494.05,0,0,6.7,Low Risk,236.39999999999998
24,21.05,531.55,0,0,6.98,Low Risk,252.60000000000002
39,95.65,3759.05,1,1,43.33,Medium Risk,1147.8000000000002
4,35.0,135.75,0,0,29.8,Low Risk,420.0
17,19.35,307.0,0,0,10.11,Low Risk,232.20000000000002
15,25.2,387.9,0,0,13.42,Low Risk,302.4
70,75.5,5212.65,1,0,5.93,Low Risk,906.0
1,79.6,79.6,0,1,64.83,Medium Risk,955.1999999999999
34,61.25,1993.2,0,0,13.08,Low Risk,735.0
26,79.3,2015.8,0,0,30.69,Low Risk,951.5999999999999
55,20.5,1177.95,0,0,0.93,Low Risk,246.0
27,90.15,2423.4,0,0,37.64,Low Risk,1081.8000000000002
26,50.35,1285.8,0,0,14.62,Low Risk,604.2
39,73.15,2730.85,0,0,14.46,Low Risk,877.8000000000001
20,71.3,1389.2,1,1,48.99,Medium Risk,855.5999999999999
24,53.6,1315.35,0,0,17.84,Low Risk,643.2
68,90.2,6297.65,0,0,6.26,Low Risk,1082.4
16,74.3,1178.25,1,1,57.18,Medium Risk,891.5999999999999
1,71.1,71.1,0,0,59.11,Medium Risk,853.1999999999999
70,51.05,3635.15,0,0,1.18,Low Risk,612.5999999999999
3,79.9,260.9,1,1,76.87,High Risk,958.8000000000001
24,99.3,2431.35,0,1,49.18,Medium Risk,1191.6
72,91.95,6614.9,0,0,5.3,Low Risk,1103.4
1,19.75,19.75,0,0,24.98,Low Risk,237.0
31,49.85,1520.1,0,0,11.01,Low Risk,598.2
1,24.8,24.8,0,1,27.78,Low Risk,297.6
50,99.4,5059.75,0,0,19.83,Low Risk,1192.8000000000002
61,88.65,5321.25,0,0,8.1,Low Risk,1063.8000000000002
11,70.2,834.7,1,0,61.39,Medium Risk,842.4000000000001
2,45.55,84.4,0,0,39.52,Low Risk,546.5999999999999
64,74.65,4869.35,1,0,8.11,Low Risk,895.8000000000001
18,40.2,711.95,0,0,16.91,Low Risk,482.40000000000003
45,25.5,1121.05,0,0,2.11,Low Risk,306.0
31,59.7,1825.5,0,0,14.73,Low Risk,716.4000000000001
61,24.1,1551.6,0,0,0.72,Low Risk,289.20000000000005
31,73.55,2094.65,1,0,34.85,Low Risk,882.5999999999999
57,19.9,1115.6,0,0,0.79,Low Risk,238.79999999999998
28,90.45,2509.25,0,0,36.55,Low Risk,1085.4
37,65.6,2313.8,0,0,12.73,Low Risk,787.1999999999999
46,103.15,4594.65,0,0,25.15,Low Risk,1237.8000000000002
19,19.9,367.55,0,0,9.12,Low Risk,238.79999999999998
63,20.6,1298.7,0,0,0.54,Low Risk,247.20000000000002
69,79.45,5502.55,0,0,3.84,Low Risk,953.4000000000001
19,89.35,1686.85,0,0,47.64,Medium Risk,1072.1999999999998
31,83.85,2674.15,0,0,28.47,Low Risk,1006.1999999999999
18,20.35,369.6,1,0,17.85,Low Risk,244.20000000000002
44,50.15,2139.1,0,0,5.28,Low Risk,601.8
1,70.3,70.3,1,1,73.8,High Risk,843.5999999999999
1,89.9,89.9,0,1,71.22,High Risk,1078.8000000000002
11,35.8,363.15,0,0,21.65,Low Risk,429.59999999999997
22,20.85,450.65,0,0,7.81,Low Risk,250.20000000000002
23,84.25,1968.1,0,0,38.43,Low Risk,1011.0
37,80.05,3019.1,0,0,19.93,Low Risk,960.5999999999999
46,40.4,1842.7,0,0,3.37,Low Risk,484.79999999999995
20,19.35,433.75,0,0,8.52,Low Risk,232.20000000000002
1,50.8,50.8,0,1,44.72,Medium Risk,609.5999999999999
58,75.8,4415.75,0,0,6.05,Low Risk,909.5999999999999
71,95.15,6770.85,0,0,6.33,Low Risk,1141.8000000000002
29,71.0,2080.1,0,0,22.27,Low Risk,852.0
64,81.3,5129.3,0,0,5.3,Low Risk,975.5999999999999
1,73.65,73.65,1,1,75.61,High Risk,883.8000000000001
1,20.05,20.05,0,1,25.14,Low Risk,240.60000000000002
70,60.35,4138.7,0,0,1.67,Low Risk,724.2
13,19.95,257.0,0,0,13.06,Low Risk,239.39999999999998
57,39.3,2111.45,0,1,1.61,Low Risk,471.59999999999997
57,101.3,5779.6,1,0,26.52,Low Risk,1215.6
6,20.1,100.35,0,0,19.36,Low Risk,241.20000000000002
63,36.1,2298.9,1,0,1.98,Low Risk,433.20000000000005
8,19.2,156.85,0,0,17.03,Low Risk,230.39999999999998
23,48.35,1067.15,0,1,16.12,Low Risk,580.2
40,50.25,2023.55,0,0,6.77,Low Risk,603.0
59,25.45,1534.05,0,0,0.86,Low Risk,305.4
18,20.1,407.05,0,0,9.83,Low Risk,241.20000000000002
17,90.95,1612.2,0,0,51.96,Medium Risk,1091.4
46,85.0,3969.4,1,1,26.38,Low Risk,1020.0
16,20.4,321.4,0,0,11.08,Low Risk,244.79999999999998
22,83.05,1799.3,0,0,38.59,Low Risk,996.5999999999999
62,81.0,4985.9,0,0,5.86,Low Risk,972.0
56,54.05,2959.8,0,0,3.0,Low Risk,648.5999999999999
5,81.0,371.65,1,1,75.24,High Risk,972.0
72,86.4,6058.95,0,0,4.16,Low Risk,1036.8000000000002
9,45.15,416.45,0,1,29.51,Low Risk,541.8
66,115.8,7942.15,0,0,17.5,Low Risk,1389.6
28,96.6,2684.35,0,0,41.43,Medium Risk,1159.1999999999998
56,88.9,4968.0,0,0,10.59,Low Risk,1066.8000000000002
1,45.85,45.85,0,1,41.26,Medium Risk,550.2
24,102.95,2496.7,1,1,68.4,Medium Risk,1235.4
51,20.65,1020.75,0,0,1.2,Low Risk,247.79999999999998
4,61.45,229.55,0,1,47.79,Medium Risk,737.4000000000001
23,59.7,1414.2,0,0,21.99,Low Risk,716.4000000000001
30,86.45,2538.05,0,0,30.98,Low Risk,1037.4
61,20.55,1252.0,0,0,0.62,Low Risk,246.60000000000002
31,20.9,689.35,0,0,4.49,Low Risk,250.79999999999998
1,69.6,69.6,0,1,58.07,Medium Risk,835.1999999999999
4,20.35,76.35,0,1,21.69,Low Risk,244.20000000000002
14,76.45,1117.55,0,0,44.78,Medium Risk,917.4000000000001
50,104.4,5232.9,0,0,22.72,Low Risk,1252.8000000000002
6,69.1,435.0,0,0,50.61,Medium Risk,829.1999999999999
15,85.9,1269.55,0,1,50.39,Medium Risk,1030.8000000000002
54,70.15,3715.65,0,1,6.04,Low Risk,841.8000000000001
52,110.75,5832.0,1,0,40.38,Medium Risk,1329.0
30,100.2,2983.8,0,1,41.77,Medium Risk,1202.4
3,50.15,168.15,0,1,41.33,Medium Risk,601.8
31,54.35,1647.0,0,0,12.57,Low Risk,652.2
58,45.3,2651.2,1,1,3.81,Low Risk,543.5999999999999
72,60.0,4264.0,0,0,1.48,Low Risk,720.0
15,51.55,765.5,0,1,25.94,Low Risk,618.5999999999999
14,55.7,795.15,0,0,29.82,Low Risk,668.4000000000001
1,74.45,74.45,1,1,76.03,High Risk,893.4000000000001
60,23.95,1506.4,0,0,0.76,Low Risk,287.4
21,19.8,350.1,0,0,7.97,Low Risk,237.60000000000002
33,100.6,3270.25,1,0,55.19,Medium Risk,1207.1999999999998
65,89.75,5769.6,0,1,6.91,Low Risk,1077.0
67,60.95,4119.4,1,0,4.07,Low Risk,731.4000000000001
9,84.45,762.5,1,1,73.04,High Risk,1013.4000000000001
28,51.0,1381.8,1,0,23.49,Low Risk,612.0
32,98.85,3089.6,0,0,37.93,Low Risk,1186.1999999999998
68,103.25,7074.4,0,0,9.98,Low Risk,1239.0
26,90.1,2312.55,0,0,38.8,Low Risk,1081.1999999999998
3,44.3,134.5,0,1,37.23,Low Risk,531.5999999999999
69,26.0,1796.55,0,0,0.45,Low Risk,312.0
36,95.0,3440.25,0,0,30.54,Low Risk,1140.0
52,63.25,3342.45,0,0,5.39,Low Risk,759.0
34,64.2,2106.3,1,0,24.97,Low Risk,770.4000000000001
50,108.55,5610.7,0,1,26.11,Low Risk,1302.6
30,74.85,2181.75,1,0,37.68,Low Risk,898.1999999999999
69,25.6,1673.4,0,0,0.44,Low Risk,307.20000000000005
4,91.65,365.4,0,1,68.86,Medium Risk,1099.8000000000002
67,84.8,5598.3,0,0,5.16,Low Risk,1017.5999999999999
14,71.0,914.0,0,1,40.13,Medium Risk,852.0
53,20.8,1021.8,0,1,1.05,Low Risk,249.60000000000002
72,109.75,7932.5,1,0,18.91,Low Risk,1317.0
46,19.95,907.05,0,0,1.63,Low Risk,239.39999999999998
71,19.85,1326.35,0,0,0.31,Low Risk,238.20000000000002
22,78.85,1600.25,0,0,35.0,Low Risk,946.1999999999999
17,78.9,1348.95,0,0,42.31,Medium Risk,946.8000000000001
32,96.15,3019.25,1,1,52.7,Medium Risk,1153.8000000000002
9,69.05,651.5,0,0,46.25,Medium Risk,828.5999999999999
23,24.8,615.35,0,0,8.33,Low Risk,297.6
47,73.6,3522.65,0,0,10.08,Low Risk,883.1999999999999
60,80.6,4946.7,0,0,6.58,Low Risk,967.1999999999999
50,39.45,2021.35,0,0,2.58,Low Risk,473.40000000000003
66,105.95,6975.25,1,1,21.25,Low Risk,1271.4
54,110.45,6077.75,1,0,37.85,Low Risk,1325.4
72,24.1,1734.65,0,0,0.35,Low Risk,289.20000000000005
1,79.35,79.35,0,1,64.67,Medium Risk,952.1999999999999
1,44.15,44.15,0,0,40.08,Medium Risk,529.8
16,68.25,1114.85,0,0,35.81,Low Risk,819.0
34,65.0,2157.5,0,0,14.7,Low Risk,780.0
3,83.75,247.25,0,1,64.99,Medium Risk,1005.0
12,78.95,927.35,0,1,49.22,Medium Risk,947.4000000000001
5,74.35,334.8,1,1,71.42,High Risk,892.1999999999999
1,50.65,50.65,0,1,44.62,Medium Risk,607.8
59,50.25,2997.45,1,0,4.32,Low Risk,603.0
26,80.5,2088.8,0,1,31.7,Low Risk,966.0
1,20.3,20.3,0,0,25.27,Low Risk,243.60000000000002
71,104.65,7288.4,0,0,8.84,Low Risk,1255.8000000000002
63,19.15,1177.05,0,0,0.51,Low Risk,229.79999999999998
18,20.45,357.0,0,0,9.84,Low Risk,245.39999999999998
14,86.0,1164.05,0,0,51.75,Medium Risk,1032.0
64,92.85,5980.75,0,0,8.28,Low Risk,1114.1999999999998
56,98.0,5270.6,0,0,13.93,Low Risk,1176.0
26,39.95,1023.75,0,0,10.85,Low Risk,479.40000000000003
54,65.3,3512.9,0,0,5.13,Low Risk,783.5999999999999
3,55.8,154.55,0,0,45.21,Medium Risk,669.5999999999999
2,34.7,62.25,0,1,32.35,Low Risk,416.40000000000003
40,78.85,3126.85,0,0,16.57,Low Risk,946.1999999999999
28,90.1,2598.95,0,1,36.68,Low Risk,1081.1999999999998
22,104.6,2180.55,0,0,55.34,Medium Risk,1255.1999999999998
69,23.95,1713.1,0,0,0.42,Low Risk,287.4
27,49.85,1336.15,0,0,13.7,Low Risk,598.2
71,66.8,4689.15,0,0,2.06,Low Risk,801.5999999999999
62,70.75,4263.45,0,0,3.94,Low Risk,849.0
1,19.3,19.3,0,0,24.74,Low Risk,231.60000000000002
37,19.8,726.1,0,0,2.92,Low Risk,237.60000000000002
49,56.3,2780.6,0,0,4.97,Low Risk,675.5999999999999
41,53.95,2215.4,1,0,13.42,Low Risk,647.4000000000001
63,108.25,6780.1,0,0,14.71,Low Risk,1299.0
17,88.25,1460.65,0,1,49.38,Medium Risk,1059.0
1,19.45,19.45,0,1,24.82,Low Risk,233.39999999999998
55,98.8,5617.75,1,1,27.33,Low Risk,1185.6
22,69.25,1554.0,0,1,28.91,Low Risk,831.0
15,45.9,693.45,0,0,22.75,Low Risk,550.8
35,19.25,617.65,0,0,3.23,Low Risk,231.0
1,20.2,20.2,0,1,25.22,Low Risk,242.39999999999998
69,35.75,2492.25,0,0,0.68,Low Risk,429.0
63,81.55,5029.05,0,0,5.61,Low Risk,978.5999999999999
58,94.3,5610.15,0,0,11.84,Low Risk,1131.6
66,25.45,1699.15,0,0,0.54,Low Risk,305.4
43,99.3,4209.95,0,0,25.8,Low Risk,1191.6
26,38.85,1025.15,0,0,10.55,Low Risk,466.20000000000005
56,103.2,5873.75,0,0,17.25,Low Risk,1238.4
68,95.9,6503.2,1,0,13.96,Low Risk,1150.8000000000002
18,55.95,1082.8,0,0,25.36,Low Risk,671.4000000000001
34,62.65,2274.9,0,1,14.13,Low Risk,751.8
38,24.85,955.75,1,0,6.29,Low Risk,298.20000000000005
2,59.5,130.5,0,0,49.48,Medium Risk,714.0
20,39.4,825.4,0,0,14.99,Low Risk,472.79999999999995
64,70.15,4480.7,0,0,3.51,Low Risk,841.8000000000001
56,94.8,5264.3,1,0,22.73,Low Risk,1137.6
68,20.5,1424.9,0,0,0.39,Low Risk,246.0
17,102.55,1742.5,0,0,60.61,Medium Risk,1230.6
46,19.95,862.4,0,0,1.62,Low Risk,239.39999999999998
28,106.15,3152.5,1,1,66.75,Medium Risk,1273.8000000000002
2,56.7,113.55,0,1,47.42,Medium Risk,680.4000000000001
65,109.15,6941.2,0,1,13.65,Low Risk,1309.8000000000002
17,89.4,1539.45,0,1,50.54,Medium Risk,1072.8000000000002
51,94.0,4905.75,1,0,27.73,Low Risk,1128.0
60,89.9,5450.7,0,0,9.1,Low Risk,1078.8000000000002
16,73.85,1284.2,0,1,40.26,Medium Risk,886.1999999999999
24,78.85,1772.25,1,1,49.01,Medium Risk,946.1999999999999
1,55.7,55.7,0,1,48.21,Medium Risk,668.4000000000001
71,77.35,5550.1,0,0,3.19,Low Risk,928.1999999999999
53,104.05,5566.4,0,0,19.99,Low Risk,1248.6
18,60.6,1156.35,0,0,28.21,Low Risk,727.2
67,106.6,7244.7,0,0,11.88,Low Risk,1279.1999999999998
4,94.3,424.45,1,1,82.76,High Risk,1131.6
10,29.5,255.25,0,1,19.56,Low Risk,354.0
43,24.25,1077.95,0,0,2.33,Low Risk,291.0
43,80.45,3398.9,0,0,15.01,Low Risk,965.4000000000001
60,53.6,3237.05,0,0,2.37,Low Risk,643.2
1,75.9,75.9,0,1,62.39,Medium Risk,910.8000000000001
7,90.45,593.45,0,1,64.3,Medium Risk,1085.4
21,90.05,1862.9,0,0,45.4,Medium Risk,1080.6
1,50.15,50.15,1,1,61.28,Medium Risk,601.8
5,74.65,383.65,0,0,56.05,Medium Risk,895.8000000000001
36,92.9,3379.25,0,0,29.07,Low Risk,1114.8000000000002
53,60.05,3229.65,1,1,8.65,Low Risk,720.5999999999999
1,74.45,74.45,1,1,76.03,High Risk,893.4000000000001
53,94.45,5042.75,0,0,14.79,Low Risk,1133.4
50,75.7,3876.2,0,0,9.3,Low Risk,908.4000000000001
66,104.05,6890.0,0,1,11.22,Low Risk,1248.6
54,59.8,3246.45,0,0,4.23,Low Risk,717.5999999999999
28,19.55,543.8,0,0,5.16,Low Risk,234.60000000000002
4,45.3,196.95,0,1,36.51,Low Risk,543.5999999999999
41,114.5,4527.45,0,1,39.45,Low Risk,1374.0
30,66.3,1923.5,0,0,18.53,Low Risk,795.5999999999999
1,25.2,25.2,1,1,43.68,Medium Risk,302.4
54,109.55,6118.95,0,0,23.08,Low Risk,1314.6
8,19.6,125.0,0,0,17.12,Low Risk,235.20000000000002
55,113.6,6292.7,1,0,39.2,Low Risk,1363.1999999999998
63,19.5,1215.1,0,0,0.52,Low Risk,234.0
68,79.6,5461.45,0,0,4.09,Low Risk,955.1999999999999
2,71.65,135.75,0,0,58.06,Medium Risk,859.8000000000001
6,20.6,116.6,0,0,19.62,Low Risk,247.20000000000002
13,75.0,999.45,0,1,44.99,Medium Risk,900.0
72,75.1,5336.35,0,0,2.7,Low Risk,901.1999999999999
17,96.65,1588.25,0,0,55.88,Medium Risk,1159.8000000000002
15,74.4,1074.3,1,1,58.52,Medium Risk,892.8000000000001
65,95.45,6223.3,1,0,15.85,Low Risk,1145.4
58,20.3,1131.5,0,0,0.74,Low Risk,243.60000000000002
68,84.65,5683.6,1,0,9.26,Low Risk,1015.8000000000001
66,58.2,3810.8,0,0,1.96,Low Risk,698.4000000000001
70,90.85,6470.1,1,0,10.83,Low Risk,1090.1999999999998
19,39.7,710.05,0,0,15.75,Low Risk,476.40000000000003
17,54.6,934.8,0,0,25.48,Low Risk,655.2
22,100.75,2095.0,0,1,52.25,Medium Risk,1209.0
48,99.0,4744.35,1,0,34.68,Low Risk,1188.0
63,90.45,5825.5,0,0,8.09,Low Risk,1085.4
67,93.15,6368.2,0,0,7.31,Low Risk,1117.8000000000002
67,107.05,7142.5,1,0,21.09,Low Risk,1284.6
67,25.25,1733.15,0,0,0.51,Low Risk,303.0
4,100.85,399.25,0,0,74.29,High Risk,1210.1999999999998
40,70.75,2921.75,0,0,13.21,Low Risk,849.0
5,104.1,541.9,0,1,75.18,High Risk,1249.1999999999998
30,89.9,2723.15,0,0,33.84,Low Risk,1078.8000000000002
70,115.55,8127.6,0,1,14.11,Low Risk,1386.6
72,24.9,1859.2,0,0,0.36,Low Risk,298.79999999999995
1,48.6,48.6,0,0,43.17,Medium Risk,583.2
1,88.35,88.35,0,1,70.31,High Risk,1060.1999999999998
59,79.2,4590.35,1,0,11.97,Low Risk,950.4000000000001
68,83.0,5685.8,0,1,4.66,Low Risk,996.0
53,106.1,5769.75,0,1,21.54,Low Risk,1273.1999999999998
8,74.05,600.15,1,0,67.77,Medium Risk,888.5999999999999
7,78.5,571.05,0,0,56.09,Medium Risk,942.0
2,19.4,61.05,0,0,23.64,Low Risk,232.79999999999998
47,19.9,942.95,0,0,1.53,Low Risk,238.79999999999998
2,90.35,190.5,0,0,70.4,High Risk,1084.1999999999998
51,80.75,4116.9,0,0,10.32,Low Risk,969.0
18,68.35,1299.8,0,0,33.43,Low Risk,820.1999999999999
33,20.35,689.75,0,0,3.86,Low Risk,244.20000000000002
60,25.0,1505.05,0,0,0.79,Low Risk,300.0
72,114.9,8496.7,0,0,13.0,Low Risk,1378.8000000000002
1,48.45,48.45,0,0,43.07,Medium Risk,581.4000000000001
48,26.3,1245.05,0,0,1.8,Low Risk,315.6
7,34.5,279.25,0,1,25.79,Low Risk,414.0
53,24.6,1279.0,0,0,1.22,Low Risk,295.20000000000005
46,59.9,2816.65,1,1,12.55,Low Risk,718.8
11,54.6,617.85,0,0,33.02,Low Risk,655.2
2,95.5,181.65,1,0,84.57,High Risk,1146.0
58,110.65,6526.65,0,0,20.06,Low Risk,1327.8000000000002
2,19.95,38.15,0,0,23.85,Low Risk,239.39999999999998
70,59.5,4144.8,0,0,1.64,Low Risk,714.0
7,69.45,477.05,0,0,49.28,Medium Risk,833.4000000000001
72,114.1,8086.4,0,0,11.97,Low Risk,1369.1999999999998
56,89.7,4952.95,0,0,10.79,Low Risk,1076.4
72,94.25,6849.75,0,0,5.87,Low Risk,1131.0
42,78.45,3373.4,0,0,15.12,Low Risk,941.4000000000001
43,108.15,4600.7,1,1,48.83,Medium Risk,1297.8000000000002
18,20.05,358.5,0,0,9.74,Low Risk,240.60000000000002
30,84.3,2438.6,0,0,29.33,Low Risk,1011.5999999999999
25,55.1,1466.1,0,0,17.83,Low Risk,661.2
9,95.9,827.45,0,0,65.56,Medium Risk,1150.8000000000002
71,106.7,7382.25,0,0,9.46,Low Risk,1280.4
71,66.85,4748.7,0,0,2.08,Low Risk,802.1999999999999
71,84.8,6046.1,0,0,4.25,Low Risk,1017.5999999999999
58,66.8,3970.4,0,0,4.41,Low Risk,801.5999999999999
61,25.0,1498.35,0,0,0.73,Low Risk,300.0
22,84.15,1821.95,0,0,39.42,Low Risk,1009.8000000000001
20,49.6,939.8,0,0,19.38,Low Risk,595.2
26,20.65,595.5,0,0,6.12,Low Risk,247.79999999999998
30,83.55,2570.2,0,0,29.37,Low Risk,1002.5999999999999
2,89.55,185.55,0,1,69.91,Medium Risk,1074.6
55,51.65,2838.55,1,0,5.71,Low Risk,619.8
69,60.25,4055.5,0,0,1.76,Low Risk,723.0
1,69.55,69.55,1,1,73.38,High Risk,834.5999999999999
52,25.05,1270.25,0,0,1.32,Low Risk,300.6
3,97.9,315.3,0,1,73.74,High Risk,1174.8000000000002
43,19.2,776.25,0,0,1.92,Low Risk,230.39999999999998
17,100.45,1622.45,1,1,73.88,High Risk,1205.4
26,59.45,1507.0,0,0,18.73,Low Risk,713.4000000000001
9,89.45,853.1,0,1,61.42,Medium Risk,1073.4
45,89.3,4192.15,0,0,18.48,Low Risk,1071.6
45,102.15,4735.35,1,0,41.72,Medium Risk,1225.8000000000002
33,59.4,1952.8,0,0,13.21,Low Risk,712.8
53,108.95,5718.2,0,0,22.78,Low Risk,1307.4
65,103.9,6767.1,1,0,20.84,Low Risk,1246.8000000000002
43,100.0,4211.55,0,1,26.19,Low Risk,1200.0
10,67.8,653.15,0,0,43.64,Medium Risk,813.5999999999999
52,20.85,1071.6,0,0,1.13,Low Risk,250.20000000000002
11,53.75,608.0,0,1,32.45,Low Risk,645.0
27,85.25,2287.25,1,1,50.54,Medium Risk,1023.0
24,90.35,2238.5,0,1,42.05,Medium Risk,1084.1999999999998
1,79.25,79.25,0,1,64.61,Medium Risk,951.0
65,111.05,7107.0,0,0,14.66,Low Risk,1332.6
1,75.55,75.55,0,0,62.15,Medium Risk,906.5999999999999
68,118.6,7990.05,0,0,16.76,Low Risk,1423.1999999999998
15,96.5,1392.25,1,0,73.65,High Risk,1158.0
36,65.4,2498.4,0,1,13.85,Low Risk,784.8000000000001
4,44.55,220.75,0,0,36.11,Low Risk,534.5999999999999
46,94.15,4408.45,0,0,20.12,Low Risk,1129.8000000000002
18,49.55,878.35,0,1,21.47,Low Risk,594.5999999999999
35,76.05,2747.2,1,0,32.71,Low Risk,912.5999999999999
47,19.3,890.5,0,0,1.49,Low Risk,231.60000000000002
42,92.15,3875.4,0,0,22.3,Low Risk,1105.8000000000002
1,19.75,19.75,0,0,24.98,Low Risk,237.0
61,86.45,5175.3,0,0,7.46,Low Risk,1037.4
72,73.0,5265.2,0,0,2.52,Low Risk,876.0
15,20.45,330.8,0,0,11.82,Low Risk,245.39999999999998
4,74.4,299.7,0,1,57.24,Medium Risk,892.8000000000001
11,20.0,211.95,0,0,14.66,Low Risk,240.0
18,71.1,1247.75,0,0,34.98,Low Risk,853.1999999999999
62,101.35,6164.7,0,0,12.01,Low Risk,1216.1999999999998
2,70.4,154.8,0,0,57.28,Medium Risk,844.8000000000001
25,88.4,2191.15,1,0,55.84,Medium Risk,1060.8000000000002
15,99.7,1566.75,0,0,61.29,Medium Risk,1196.4
72,88.6,6201.95,0,0,4.52,Low Risk,1063.1999999999998
21,65.35,1424.4,0,0,27.62,Low Risk,784.1999999999999
69,24.25,1641.8,0,0,0.42,Low Risk,291.0
48,100.05,4834.0,0,0,21.8,Low Risk,1200.6
32,50.6,1653.45,0,0,10.76,Low Risk,607.2
7,69.7,516.15,0,0,49.63,Medium Risk,836.4000000000001
57,74.6,4368.95,0,0,6.21,Low Risk,895.1999999999999
18,20.15,390.85,0,1,9.82,Low Risk,241.79999999999998
10,35.75,389.8,0,0,22.92,Low Risk,429.0
2,80.6,155.8,0,1,64.18,Medium Risk,967.1999999999999
1,74.3,74.3,0,0,61.31,Medium Risk,891.5999999999999
52,59.85,3103.25,1,0,9.0,Low Risk,718.2
11,90.15,987.95,0,1,59.1,Medium Risk,1081.8000000000002
58,59.9,3505.1,0,0,3.38,Low Risk,718.8
32,93.2,2931.0,1,1,50.22,Medium Risk,1118.4
3,69.15,235.0,0,0,55.02,Medium Risk,829.8000000000001
66,105.0,7133.25,0,1,11.93,Low Risk,1260.0
12,96.05,1148.1,0,1,62.09,Medium Risk,1152.6
19,39.65,733.35,0,1,15.79,Low Risk,475.79999999999995
69,95.75,6511.25,0,0,7.03,Low Risk,1149.0
10,20.0,198.7,0,0,15.53,Low Risk,240.0
32,100.4,3217.65,1,0,56.55,Medium Risk,1204.8000000000002
10,45.55,402.6,0,1,28.25,Low Risk,546.5999999999999
64,76.1,4818.8,0,0,4.37,Low Risk,913.1999999999999
4,38.55,156.1,0,0,32.03,Low Risk,462.59999999999997
36,19.45,754.5,0,0,3.11,Low Risk,233.39999999999998
8,51.05,415.05,0,1,34.69,Low Risk,612.5999999999999
32,91.05,2871.5,0,0,32.03,Low Risk,1092.6
2,24.4,36.55,0,1,26.21,Low Risk,292.79999999999995
18,24.65,471.35,0,0,11.15,Low Risk,295.79999999999995
52,20.1,1078.75,0,0,1.11,Low Risk,241.20000000000002
24,66.3,1559.45,0,0,24.54,Low Risk,795.5999999999999
1,55.25,55.25,0,0,47.89,Medium Risk,663.0
7,19.4,168.65,0,0,18.16,Low Risk,232.79999999999998
8,100.15,908.55,1,0,82.33,High Risk,1201.8000000000002
14,70.2,1046.5,0,0,40.14,Medium Risk,842.4000000000001
13,19.3,259.65,0,0,12.86,Low Risk,231.60000000000002
40,110.1,4469.1,0,0,37.91,Low Risk,1321.1999999999998
63,81.15,5224.5,0,0,5.73,Low Risk,973.8000000000001
17,80.5,1336.9,0,0,43.37,Medium Risk,966.0
19,86.85,1564.4,0,0,45.34,Medium Risk,1042.1999999999998
12,45.05,523.1,0,0,25.63,Low Risk,540.5999999999999
43,24.45,993.15,0,0,2.3,Low Risk,293.4
18,90.0,1527.35,0,1,49.16,Medium Risk,1080.0
35,25.6,901.25,0,0,4.04,Low Risk,307.20000000000005
42,94.2,4186.3,0,1,24.32,Low Risk,1130.4
61,89.65,5308.7,0,0,8.29,Low Risk,1075.8000000000002
39,95.55,3692.85,0,1,27.44,Low Risk,1146.6
21,82.35,1852.85,0,1,40.01,Medium Risk,988.1999999999999
1,20.75,20.75,0,0,25.52,Low Risk,249.0
58,59.75,3624.35,0,0,3.43,Low Risk,717.0
1,20.25,20.25,0,0,25.25,Low Risk,243.0
53,19.5,1050.5,0,0,1.01,Low Risk,234.0
25,24.75,692.1,0,1,7.4,Low Risk,297.0
64,58.35,3756.45,0,0,2.24,Low Risk,700.2
1,60.15,60.15,0,1,51.39,Medium Risk,721.8
4,69.35,261.65,1,0,69.66,Medium Risk,832.1999999999999
5,30.5,167.2,0,0,25.93,Low Risk,366.0
44,95.1,4060.55,0,0,21.89,Low Risk,1141.1999999999998
31,103.45,3066.45,0,1,42.67,Medium Risk,1241.4
2,87.15,183.75,0,1,68.45,Medium Risk,1045.8000000000002
71,116.05,8297.5,0,0,13.79,Low Risk,1392.6
72,85.3,6129.2,0,0,4.08,Low Risk,1023.5999999999999
56,68.75,3815.4,0,0,5.18,Low Risk,825.0
24,20.1,533.9,0,0,6.81,Low Risk,241.20000000000002
22,49.8,1049.05,0,0,17.64,Low Risk,597.5999999999999
33,72.75,2447.45,0,0,19.51,Low Risk,873.0
54,87.1,4735.2,0,0,11.06,Low Risk,1045.1999999999998
26,20.05,505.9,0,0,5.94,Low Risk,240.60000000000002
18,69.5,1199.4,0,0,33.76,Low Risk,834.0
1,36.45,36.45,1,1,51.69,Medium Risk,437.40000000000003
16,72.65,1194.3,0,1,39.06,Low Risk,871.8000000000001
1,49.75,49.75,0,0,43.98,Medium Risk,597.0
27,19.7,509.3,0,0,5.51,Low Risk,236.39999999999998
16,100.0,1534.75,0,1,59.68,Medium Risk,1200.0
35,55.25,1924.1,0,0,10.47,Low Risk,663.0
36,97.35,3457.9,0,1,32.05,Low Risk,1168.1999999999998
37,92.5,3473.4,1,1,43.35,Medium Risk,1110.0
50,101.9,5265.5,1,0,35.43,Low Risk,1222.8000000000002
29,45.0,1242.45,0,0,10.57,Low Risk,540.0
1,69.25,69.25,1,1,73.21,High Risk,831.0
56,73.25,4054.2,1,0,11.43,Low Risk,879.0
5,83.15,446.05,1,1,76.59,High Risk,997.8000000000001
20,76.0,1588.75,0,0,36.32,Low Risk,912.0
33,20.05,669.45,0,0,3.82,Low Risk,240.60000000000002
54,46.2,2431.95,0,0,2.53,Low Risk,554.4000000000001
62,60.15,3753.2,0,0,2.7,Low Risk,721.8
67,19.8,1311.3,0,0,0.4,Low Risk,237.60000000000002
72,64.45,4641.1,1,0,3.49,Low Risk,773.4000000000001
69,24.45,1718.2,0,0,0.43,Low Risk,293.4
49,20.45,1024.65,0,0,1.37,Low Risk,245.39999999999998
35,73.0,2471.25,1,0,29.81,Low Risk,876.0
69,103.95,7446.9,0,1,10.11,Low Risk,1247.4
41,113.2,4689.5,1,1,56.28,Medium Risk,1358.4
58,71.1,4299.2,0,0,5.23,Low Risk,853.1999999999999
1,70.65,70.65,0,1,58.8,Medium Risk,847.8000000000001
12,20.05,265.45,0,0,13.93,Low Risk,240.60000000000002
66,20.55,1357.1,0,0,0.45,Low Risk,246.60000000000002
7,51.3,419.35,1,0,53.37,Medium Risk,615.5999999999999
54,115.6,6431.05,1,0,42.86,Medium Risk,1387.1999999999998
72,19.95,1322.85,0,0,0.29,Low Risk,239.39999999999998
42,106.15,4512.7,0,1,32.33,Low Risk,1273.8000000000002
2,74.4,139.4,0,1,59.97,Medium Risk,892.8000000000001
10,46.0,492.1,0,0,28.84,Low Risk,552.0
58,109.45,6144.55,0,1,18.49,Low Risk,1313.4
9,48.6,422.3,0,0,31.62,Low Risk,583.2
32,84.05,2781.85,0,1,27.55,Low Risk,1008.5999999999999
6,20.95,109.5,0,0,19.76,Low Risk,251.39999999999998
50,105.05,5163.3,1,0,37.09,Low Risk,1260.6
57,20.75,1123.15,0,0,0.81,Low Risk,249.0
48,25.05,1171.5,0,0,1.71,Low Risk,300.6
56,73.85,4092.85,0,1,6.22,Low Risk,886.1999999999999
67,102.95,6886.25,0,1,10.24,Low Risk,1235.4
69,60.05,4176.7,0,0,1.79,Low Risk,720.5999999999999
23,79.15,1676.95,0,1,33.91,Low Risk,949.8000000000001
5,20.1,85.1,0,0,20.43,Low Risk,241.20000000000002
25,89.05,2177.45,1,1,56.24,Medium Risk,1068.6
8,100.85,819.55,0,1,70.13,High Risk,1210.1999999999998
1,74.25,74.25,0,1,61.27,Medium Risk,891.0
4,75.35,338.1,0,1,58.06,Medium Risk,904.1999999999999
55,75.0,4213.9,0,0,6.98,Low Risk,900.0
1,49.55,49.55,1,1,60.88,Medium Risk,594.5999999999999
42,20.65,958.1,0,0,2.21,Low Risk,247.79999999999998
40,80.0,3168.75,0,0,17.13,Low Risk,960.0
10,19.6,189.45,0,0,15.36,Low Risk,235.20000000000002
1,88.8,88.8,1,1,82.7,High Risk,1065.6
15,84.45,1287.85,0,0,49.43,Medium Risk,1013.4000000000001
26,60.7,1597.4,1,0,32.59,Low Risk,728.4000000000001
70,109.5,7674.55,0,1,11.33,Low Risk,1314.0
46,19.95,927.1,0,0,1.63,Low Risk,239.39999999999998
12,49.4,611.65,0,0,28.37,Low Risk,592.8
13,74.4,896.75,0,1,44.12,Medium Risk,892.8000000000001
12,85.15,979.05,0,0,53.84,Medium Risk,1021.8000000000001
65,104.3,6725.3,0,0,11.71,Low Risk,1251.6
3,49.15,169.05,0,1,40.65,Medium Risk,589.8
32,19.9,601.55,0,0,4.02,Low Risk,238.79999999999998
44,30.35,1359.7,1,1,5.24,Low Risk,364.20000000000005
1,49.65,49.65,0,1,43.91,Medium Risk,595.8
24,84.35,1938.05,0,0,36.73,Low Risk,1012.1999999999999
72,112.25,8041.65,0,0,11.35,Low Risk,1347.0
61,62.15,3778.85,0,0,3.07,Low Risk,745.8
1,19.75,19.75,0,1,24.98,Low Risk,237.0
44,54.3,2317.1,0,0,6.08,Low Risk,651.5999999999999
62,24.25,1424.6,0,0,0.66,Low Risk,291.0
10,19.8,196.75,0,0,15.45,Low Risk,237.60000000000002
58,106.45,6145.85,0,1,17.24,Low Risk,1277.4
1,76.0,76.0,0,1,62.45,Medium Risk,912.0
71,114.0,8175.9,0,0,12.88,Low Risk,1368.0
1,51.25,51.25,0,1,45.04,Medium Risk,615.0
20,68.7,1416.2,0,0,31.02,Low Risk,824.4000000000001
1,78.45,78.45,1,1,78.05,High Risk,941.4000000000001
9,44.4,348.15,0,0,28.83,Low Risk,532.8
70,101.0,7085.5,0,0,8.3,Low Risk,1212.0
53,60.6,3297.0,0,0,4.66,Low Risk,727.2
8,19.45,159.2,0,0,17.14,Low Risk,233.39999999999998
6,63.4,348.8,0,0,46.19,Medium Risk,760.8
26,51.55,1295.4,0,0,15.07,Low Risk,618.5999999999999
47,75.45,3545.1,0,0,10.6,Low Risk,905.4000000000001
55,85.1,4600.95,0,0,9.67,Low Risk,1021.1999999999999
66,110.9,7432.05,1,1,25.18,Low Risk,1330.8000000000002
31,79.45,2587.7,0,1,25.7,Low Risk,953.4000000000001
32,79.25,2619.15,0,0,24.38,Low Risk,951.0
65,74.8,4820.15,0,1,3.95,Low Risk,897.5999999999999
1,45.1,45.1,1,1,57.81,Medium Risk,541.2
5,20.25,109.8,0,0,20.57,Low Risk,243.0
17,66.7,1077.05,0,0,33.08,Low Risk,800.4000000000001
21,24.7,467.15,0,0,9.23,Low Risk,296.4
67,19.95,1311.75,0,0,0.4,Low Risk,239.39999999999998
40,67.45,2731.0,0,0,11.82,Low Risk,809.4000000000001
72,19.75,1567.0,0,0,0.3,Low Risk,237.0
2,47.8,92.45,0,1,41.09,Medium Risk,573.5999999999999
3,105.0,294.45,1,1,87.22,High Risk,1260.0
17,56.1,946.95,0,0,26.34,Low Risk,673.2
66,114.3,7383.7,0,0,15.57,Low Risk,1371.6
61,98.45,6145.2,0,0,11.85,Low Risk,1181.4
13,59.9,788.35,1,0,50.56,Medium Risk,718.8
37,19.85,717.5,0,0,2.92,Low Risk,238.20000000000002
19,106.6,1934.45,0,1,60.8,Medium Risk,1279.1999999999998
48,19.95,936.7,0,0,1.43,Low Risk,239.39999999999998
1,55.3,55.3,0,0,47.92,Medium Risk,663.5999999999999
7,29.8,220.45,1,0,37.5,Low Risk,357.6
62,92.05,5755.8,0,0,8.89,Low Risk,1104.6
27,100.75,2793.55,0,0,46.53,Medium Risk,1209.0
39,23.8,903.8,0,0,2.93,Low Risk,285.6
2,62.05,118.3,0,1,51.24,Medium Risk,744.5999999999999
2,20.65,38.7,0,1,24.21,Low Risk,247.79999999999998
42,108.3,4586.15,0,0,33.97,Low Risk,1299.6
22,79.35,1730.35,0,1,35.85,Low Risk,952.1999999999999
40,84.9,3369.05,0,0,19.75,Low Risk,1018.8000000000001
49,97.95,4917.9,0,0,19.9,Low Risk,1175.4
11,44.05,483.7,0,1,26.3,Low Risk,528.5999999999999
9,83.3,803.3,0,1,56.99,Medium Risk,999.5999999999999
71,91.05,6293.75,0,0,5.25,Low Risk,1092.6
60,104.95,6236.75,0,0,14.99,Low Risk,1259.4
20,44.35,927.15,0,0,17.13,Low Risk,532.2
72,115.6,8220.4,0,0,12.69,Low Risk,1387.1999999999998
52,91.6,4627.8,0,0,13.77,Low Risk,1099.1999999999998
72,90.6,6441.85,0,0,4.97,Low Risk,1087.1999999999998
18,19.55,389.25,0,0,9.66,Low Risk,234.60000000000002
5,68.95,351.5,0,0,51.89,Medium Risk,827.4000000000001
70,114.75,7842.3,0,0,13.25,Low Risk,1377.0
50,35.0,1782.4,0,0,2.19,Low Risk,420.0
62,69.4,4237.5,0,0,3.78,Low Risk,832.8000000000001
61,69.9,4226.7,0,0,4.09,Low Risk,838.8000000000001
1,20.0,20.0,0,1,25.11,Low Risk,240.0
11,20.05,237.7,0,0,14.73,Low Risk,240.60000000000002
37,72.1,2658.4,0,0,15.72,Low Risk,865.1999999999999
48,19.25,855.1,0,0,1.38,Low Risk,231.0
12,43.65,526.95,1,1,39.77,Low Risk,523.8
70,69.2,4872.35,0,0,2.43,Low Risk,830.4000000000001
9,54.55,494.05,1,1,52.5,Medium Risk,654.5999999999999
1,43.95,43.95,0,1,39.95,Low Risk,527.4000000000001
1,80.05,80.05,0,1,65.13,Medium Risk,960.5999999999999
38,103.65,3988.5,0,0,34.97,Low Risk,1243.8000000000002
10,75.05,786.3,0,0,49.34,Medium Risk,900.5999999999999
70,110.5,7752.05,0,0,11.76,Low Risk,1326.0
29,45.9,1332.4,0,0,10.97,Low Risk,550.8
42,79.35,3344.1,1,0,26.6,Low Risk,952.1999999999999
24,19.75,498.1,0,0,6.71,Low Risk,237.0
18,80.55,1411.65,1,0,59.08,Medium Risk,966.5999999999999
72,104.45,7459.0,0,0,8.48,Low Risk,1253.4
30,105.7,3181.8,1,0,63.38,Medium Risk,1268.4
54,69.95,3871.85,0,0,6.16,Low Risk,839.4000000000001
59,66.4,3958.2,0,0,4.07,Low Risk,796.8000000000001
70,102.95,7101.5,1,1,16.06,Low Risk,1235.4
71,87.95,6365.35,0,0,4.88,Low Risk,1055.4
56,19.8,1119.9,0,0,0.84,Low Risk,237.60000000000002
19,86.0,1532.45,0,1,44.6,Medium Risk,1032.0
59,89.75,5496.9,1,0,17.69,Low Risk,1077.0
57,19.4,1061.6,0,0,0.77,Low Risk,232.79999999999998
29,20.2,558.8,0,0,4.93,Low Risk,242.39999999999998
71,24.45,1681.6,0,0,0.37,Low Risk,293.4
30,101.3,2974.5,1,0,59.56,Medium Risk,1215.6
29,58.75,1696.2,0,0,15.91,Low Risk,705.0
21,61.65,1393.6,0,0,25.47,Low Risk,739.8
23,25.1,611.45,0,0,8.39,Low Risk,301.20000000000005
8,51.3,411.6,0,0,34.83,Low Risk,615.5999999999999
1,18.8,18.8,0,0,24.47,Low Risk,225.60000000000002
9,54.8,452.8,0,0,35.67,Low Risk,657.5999999999999
14,74.95,1036.75,1,1,60.43,Medium Risk,899.4000000000001
29,34.3,1004.75,0,0,7.72,Low Risk,411.59999999999997
72,110.3,7966.9,0,0,10.68,Low Risk,1323.6
35,81.6,2815.25,1,0,36.54,Low Risk,979.1999999999999
62,80.4,4981.15,0,0,5.77,Low Risk,964.8000000000001
60,49.45,2907.55,1,0,3.89,Low Risk,593.4000000000001
71,76.05,5436.45,0,0,3.02,Low Risk,912.5999999999999
41,109.1,4454.25,0,0,35.56,Low Risk,1309.1999999999998
1,19.2,19.2,0,0,24.68,Low Risk,230.39999999999998
2,19.75,39.3,0,0,23.75,Low Risk,237.0
18,96.05,1740.7,0,1,54.38,Medium Risk,1152.6
11,25.2,321.05,0,0,16.87,Low Risk,302.4
72,78.5,5602.25,1,0,6.0,Low Risk,942.0
51,84.2,4299.75,0,0,11.59,Low Risk,1010.4000000000001
21,74.05,1565.7,0,1,33.38,Low Risk,888.5999999999999
1,20.2,20.2,0,0,25.22,Low Risk,242.39999999999998
4,88.95,355.2,0,1,67.15,Medium Risk,1067.4
60,110.0,6668.35,1,0,30.43,Low Risk,1320.0
8,54.25,447.75,0,0,36.91,Low Risk,651.0
57,100.6,5611.7,0,0,14.71,Low Risk,1207.1999999999998
14,24.8,321.7,0,0,13.98,Low Risk,297.6
2,84.05,186.05,1,0,79.84,High Risk,1008.5999999999999
10,70.0,740.0,0,1,45.56,Medium Risk,840.0
1,20.2,20.2,0,1,25.22,Low Risk,242.39999999999998
61,25.3,1554.9,0,0,0.75,Low Risk,303.6
70,75.65,5411.4,1,0,6.15,Low Risk,907.8000000000001
2,60.85,111.4,0,0,50.35,Medium Risk,730.2
1,89.3,89.3,1,1,82.9,High Risk,1071.6
38,20.3,749.35,0,0,2.78,Low Risk,243.60000000000002
7,70.1,467.55,1,1,66.32,Medium Risk,841.1999999999999
60,93.25,5774.55,1,0,18.86,Low Risk,1119.0
2,49.2,103.7,0,0,42.11,Medium Risk,590.4000000000001
2,90.4,168.2,0,1,70.35,High Risk,1084.8000000000002
8,75.0,658.1,0,0,52.26,Medium Risk,900.0
67,111.3,7482.1,0,1,13.83,Low Risk,1335.6
3,35.45,106.85,0,1,31.46,Low Risk,425.40000000000003
27,19.4,460.25,0,0,5.42,Low Risk,232.79999999999998
3,64.4,195.65,0,0,51.49,Medium Risk,772.8000000000001
15,19.45,340.85,0,0,11.55,Low Risk,233.39999999999998
7,89.75,608.8,0,1,63.91,Medium Risk,1077.0
1,20.25,20.25,0,0,25.25,Low Risk,243.0
48,20.65,1057.0,0,0,1.48,Low Risk,247.79999999999998
70,40.05,2799.75,0,0,0.75,Low Risk,480.59999999999997
60,20.95,1270.55,0,0,0.67,Low Risk,251.39999999999998
9,19.05,157.65,0,0,16.01,Low Risk,228.60000000000002
2,79.2,172.85,1,1,77.49,High Risk,950.4000000000001
1,30.5,30.5,0,1,31.17,Low Risk,366.0
1,70.1,70.1,0,1,58.42,Medium Risk,841.1999999999999
58,91.55,5511.65,0,0,10.88,Low Risk,1098.6
39,30.1,1131.3,0,1,3.62,Low Risk,361.20000000000005
71,92.0,6585.2,1,0,10.66,Low Risk,1104.0
22,20.15,419.9,0,0,7.63,Low Risk,241.79999999999998
17,44.6,681.4,0,0,19.75,Low Risk,535.2
13,35.4,450.4,0,0,19.42,Low Risk,424.79999999999995
1,69.35,69.35,0,1,57.9,Medium Risk,832.1999999999999
44,61.5,2722.2,0,0,7.86,Low Risk,738.0
1,79.5,79.5,0,1,64.77,Medium Risk,954.0
53,78.75,3942.45,0,0,8.39,Low Risk,945.0
3,25.1,79.8,0,0,25.39,Low Risk,301.20000000000005
24,79.65,1928.7,0,0,33.64,Low Risk,955.8000000000001
62,97.95,5936.55,1,0,19.19,Low Risk,1175.4
5,44.05,202.15,0,0,34.11,Low Risk,528.5999999999999
6,55.0,340.4,0,0,40.3,Medium Risk,660.0
49,20.15,973.35,0,0,1.35,Low Risk,241.79999999999998
5,19.25,86.05,0,0,20.05,Low Risk,231.0
2,94.0,181.7,1,1,84.0,High Risk,1128.0
71,116.25,8564.75,0,0,14.43,Low Risk,1395.0
53,110.5,5835.5,0,0,23.93,Low Risk,1326.0
45,54.15,2319.8,0,1,5.67,Low Risk,649.8
27,19.15,501.35,0,0,5.42,Low Risk,229.79999999999998
36,51.05,1815.0,0,0,8.67,Low Risk,612.5999999999999
54,55.0,3092.65,0,1,3.61,Low Risk,660.0
57,107.95,5969.85,0,0,18.45,Low Risk,1295.4
1,50.75,50.75,0,1,44.69,Medium Risk,609.0
34,84.75,2839.45,0,0,25.4,Low Risk,1017.0
56,44.85,2564.95,0,0,2.18,Low Risk,538.2
11,76.5,837.95,0,1,48.84,Medium Risk,918.0
7,20.25,144.35,0,0,18.46,Low Risk,243.0
5,64.4,316.9,0,0,48.51,Medium Risk,772.8000000000001
24,74.8,1821.2,0,0,30.24,Low Risk,897.5999999999999
54,74.0,3919.15,1,0,12.9,Low Risk,888.0
72,89.05,6254.45,0,0,4.62,Low Risk,1068.6
30,67.6,2000.2,0,0,19.3,Low Risk,811.1999999999999
15,96.3,1426.75,1,1,73.66,High Risk,1155.6
15,20.05,284.3,0,0,11.62,Low Risk,240.60000000000002
57,104.9,5913.95,1,0,29.05,Low Risk,1258.8000000000002
72,90.45,6565.85,0,0,5.05,Low Risk,1085.4
13,97.0,1334.45,0,0,61.84,Medium Risk,1164.0
60,20.6,1093.0,0,0,0.65,Low Risk,247.20000000000002
22,65.05,1427.55,0,0,26.09,Low Risk,780.5999999999999
34,105.35,3540.65,0,0,40.87,Medium Risk,1264.1999999999998
7,79.7,586.05,0,1,57.0,Medium Risk,956.4000000000001
20,20.0,417.65,0,0,8.64,Low Risk,240.0
52,85.8,4433.3,0,0,11.57,Low Risk,1029.6
24,99.65,2404.85,0,0,49.31,Medium Risk,1195.8000000000002
4,48.75,179.85,1,0,55.76,Medium Risk,585.0
57,71.1,4140.1,1,0,10.3,Low Risk,853.1999999999999
66,65.85,4097.05,0,0,2.55,Low Risk,790.1999999999999
11,64.9,716.1,0,0,40.2,Medium Risk,778.8000000000001
57,84.5,4845.4,0,0,8.71,Low Risk,1014.0
40,84.85,3303.05,0,1,19.54,Low Risk,1018.1999999999999
57,55.0,3094.05,1,0,5.71,Low Risk,660.0
2,95.15,196.9,0,1,73.18,High Risk,1141.8000000000002
70,78.35,5445.95,0,0,3.45,Low Risk,940.1999999999999
7,89.5,676.7,1,1,78.0,High Risk,1074.0
17,21.1,385.55,0,0,10.7,Low Risk,253.20000000000002
33,105.35,3465.05,1,0,59.33,Medium Risk,1264.1999999999998
18,73.55,1359.45,1,0,53.97,Medium Risk,882.5999999999999
63,63.55,4014.2,0,0,2.9,Low Risk,762.5999999999999
20,18.9,347.65,0,0,8.31,Low Risk,226.79999999999998
70,84.7,5991.05,0,0,4.49,Low Risk,1016.4000000000001
53,95.85,5016.25,1,0,26.38,Low Risk,1150.1999999999998
24,20.15,456.85,0,0,6.74,Low Risk,241.79999999999998
56,99.75,5608.4,0,0,15.29,Low Risk,1197.0
39,104.7,4134.85,0,1,34.64,Low Risk,1256.4
17,92.55,1614.7,1,0,69.3,Medium Risk,1110.6
15,68.6,1108.6,0,0,37.65,Low Risk,823.1999999999999
38,101.15,3741.85,1,0,48.88,Medium Risk,1213.8000000000002
13,49.15,649.4,0,0,26.95,Low Risk,589.8
44,20.6,926.0,0,0,1.91,Low Risk,247.20000000000002
46,80.4,3605.2,1,1,22.78,Low Risk,964.8000000000001
56,98.7,5669.5,0,0,15.04,Low Risk,1184.4
2,44.15,92.65,1,1,55.62,Medium Risk,529.8
6,18.95,110.15,0,0,18.88,Low Risk,227.39999999999998
48,29.9,1388.75,1,0,3.98,Low Risk,358.79999999999995
68,78.45,5333.35,0,0,3.88,Low Risk,941.4000000000001
31,80.45,2429.1,0,0,25.72,Low Risk,965.4000000000001
12,112.95,1384.75,0,1,73.4,High Risk,1355.4
1,70.1,70.1,0,1,58.42,Medium Risk,841.1999999999999
72,89.1,6352.4,1,0,8.95,Low Risk,1069.1999999999998
5,20.05,94.15,1,0,33.86,Low Risk,240.60000000000002
3,75.3,244.1,0,0,59.33,Medium Risk,903.5999999999999
63,102.4,6444.05,0,0,12.1,Low Risk,1228.8000000000002
67,72.35,4991.5,0,0,3.32,Low Risk,868.1999999999999
66,66.1,4428.45,0,0,2.72,Low Risk,793.1999999999999
23,20.85,473.9,0,0,7.35,Low Risk,250.20000000000002
8,21.05,139.75,0,0,17.75,Low Risk,252.60000000000002
64,19.45,1208.6,0,0,0.48,Low Risk,233.39999999999998
16,49.95,810.2,0,1,23.92,Low Risk,599.4000000000001
17,94.2,1608.15,1,0,70.26,High Risk,1130.4
1,19.65,19.65,0,1,24.92,Low Risk,235.79999999999998
72,100.55,7325.1,0,0,7.49,Low Risk,1206.6
15,100.15,1415.0,0,0,60.97,Medium Risk,1201.8000000000002
60,80.55,4847.05,0,0,6.46,Low Risk,966.5999999999999
15,55.7,899.8,0,1,28.75,Low Risk,668.4000000000001
1,95.65,95.65,0,1,74.47,High Risk,1147.8000000000002
8,38.5,330.8,0,0,26.81,Low Risk,462.0
63,79.7,4786.15,0,0,5.13,Low Risk,956.4000000000001
1,44.8,44.8,0,0,40.53,Medium Risk,537.5999999999999
1,48.55,48.55,0,1,43.14,Medium Risk,582.5999999999999
1,54.5,54.5,0,0,47.35,Medium Risk,654.0
56,95.65,5471.75,1,0,23.81,Low Risk,1147.8000000000002
35,61.0,2130.45,0,0,12.49,Low Risk,732.0
22,87.0,1850.65,0,0,41.5,Medium Risk,1044.0
1,19.5,19.5,0,0,24.84,Low Risk,234.0
50,93.5,4747.5,0,0,16.53,Low Risk,1122.0
41,80.25,3439.0,0,0,16.91,Low Risk,963.0
39,100.0,3835.55,0,0,30.55,Low Risk,1200.0
1,53.95,53.95,0,1,46.96,Medium Risk,647.4000000000001
8,56.3,401.5,0,0,38.08,Low Risk,675.5999999999999
20,78.8,1641.3,0,0,38.4,Low Risk,945.5999999999999
51,93.8,4750.95,1,1,27.08,Low Risk,1125.6
1,74.7,74.7,1,0,76.16,High Risk,896.4000000000001
72,84.8,6141.65,1,0,7.74,Low Risk,1017.5999999999999
24,93.15,2231.05,1,1,60.99,Medium Risk,1117.8000000000002
56,19.7,1051.9,0,0,0.83,Low Risk,236.39999999999998
53,99.5,5424.25,0,0,17.64,Low Risk,1194.0
47,54.25,2538.2,0,0,5.16,Low Risk,651.0
72,109.2,7711.45,0,0,9.98,Low Risk,1310.4
11,74.35,834.2,0,1,47.3,Medium Risk,892.1999999999999
60,116.05,6925.9,1,0,35.21,Low Risk,1392.6
19,88.2,1775.8,1,1,64.06,Medium Risk,1058.4
1,21.05,21.05,0,0,25.68,Low Risk,252.60000000000002
32,54.2,1739.6,0,0,11.94,Low Risk,650.4000000000001
8,19.65,169.75,0,0,17.25,Low Risk,235.79999999999998
5,75.15,392.65,0,0,56.44,Medium Risk,901.8000000000001
36,19.25,679.8,0,0,3.05,Low Risk,231.0
23,90.6,1943.2,0,1,42.67,Medium Risk,1087.1999999999998
5,69.75,324.6,0,1,52.34,Medium Risk,837.0
38,20.2,746.05,0,0,2.77,Low Risk,242.39999999999998
1,75.3,75.3,0,1,61.98,Medium Risk,903.5999999999999
42,79.9,3313.4,0,0,15.52,Low Risk,958.8000000000001
70,45.25,3264.45,1,1,1.86,Low Risk,543.0
2,19.35,46.35,0,0,23.56,Low Risk,232.20000000000002
1,69.6,69.6,1,1,73.41,High Risk,835.1999999999999
2,29.05,44.75,0,0,28.88,Low Risk,348.6
2,76.5,162.45,0,1,61.49,Medium Risk,918.0
41,98.05,3990.6,0,0,27.09,Low Risk,1176.6
1,51.25,51.25,0,0,45.04,Medium Risk,615.0
70,90.15,6237.05,0,0,5.42,Low Risk,1081.8000000000002
31,59.05,1882.8,0,0,14.62,Low Risk,708.5999999999999
18,69.8,1221.65,0,0,34.04,Low Risk,837.5999999999999
1,30.55,30.55,0,0,31.2,Low Risk,366.6
14,18.8,255.55,0,0,11.93,Low Risk,225.60000000000002
72,79.35,5753.25,0,0,3.26,Low Risk,952.1999999999999
58,24.7,1519.0,0,0,0.9,Low Risk,296.4
34,64.4,2088.75,0,1,14.34,Low Risk,772.8000000000001
2,19.85,52.0,0,0,23.84,Low Risk,238.20000000000002
14,84.8,1203.9,0,0,51.07,Medium Risk,1017.5999999999999
61,88.1,5526.75,0,0,8.25,Low Risk,1057.1999999999998
38,105.0,4026.4,0,1,36.0,Low Risk,1260.0
58,93.4,5435.6,0,1,11.27,Low Risk,1120.8000000000002
2,70.3,132.4,0,0,57.11,Medium Risk,843.5999999999999
1,20.05,20.05,0,0,25.14,Low Risk,240.60000000000002
39,80.45,3201.55,0,1,18.43,Low Risk,965.4000000000001
68,76.9,5023.0,0,0,3.53,Low Risk,922.8000000000001
31,21.0,697.7,0,0,4.51,Low Risk,252.0
55,69.05,3842.6,0,0,5.61,Low Risk,828.5999999999999
14,90.9,1259.0,0,1,55.62,Medium Risk,1090.8000000000002
55,100.0,5509.3,1,1,27.63,Low Risk,1200.0
25,105.5,2686.05,0,0,52.94,Medium Risk,1266.0
72,89.7,6339.3,0,0,4.77,Low Risk,1076.4
6,80.8,457.1,1,0,74.08,High Risk,969.5999999999999
45,86.1,3861.45,1,0,28.02,Low Risk,1033.1999999999998
56,59.8,3457.45,0,0,3.83,Low Risk,717.5999999999999
13,35.1,446.1,0,1,19.28,Low Risk,421.20000000000005
28,104.8,3046.05,0,1,48.75,Medium Risk,1257.6
7,44.25,313.45,0,0,31.57,Low Risk,531.0
18,103.6,1806.35,1,0,74.86,High Risk,1243.1999999999998
46,94.9,4422.95,0,0,20.5,Low Risk,1138.8000000000002
64,25.0,1584.8,0,0,0.6,Low Risk,300.0
4,46.0,193.6,0,1,36.96,Low Risk,552.0
71,47.6,3377.8,0,0,0.96,Low Risk,571.2
38,20.45,781.25,0,0,2.8,Low Risk,245.39999999999998
55,19.1,1001.5,0,0,0.87,Low Risk,229.20000000000002
1,85.0,85.0,1,1,81.09,High Risk,1020.0
11,94.2,999.9,0,0,61.9,Medium Risk,1130.4
63,103.4,6603.0,0,1,12.71,Low Risk,1240.8000000000002
66,80.55,5265.1,1,1,8.86,Low Risk,966.5999999999999
22,96.7,2082.95,1,1,65.98,Medium Risk,1160.4
5,84.0,424.75,0,0,62.63,Medium Risk,1008.0
18,49.85,865.75,1,0,35.41,Low Risk,598.2
20,19.7,406.95,0,0,8.56,Low Risk,236.39999999999998
18,99.75,1836.25,1,1,72.85,High Risk,1197.0
65,108.65,6937.95,0,1,13.48,Low Risk,1303.8000000000002
69,86.9,6194.1,0,0,5.27,Low Risk,1042.8000000000002
52,64.3,3410.6,0,0,5.61,Low Risk,771.5999999999999
2,80.2,181.1,0,1,64.02,Medium Risk,962.4000000000001
48,104.5,5068.05,1,0,39.65,Low Risk,1254.0
42,84.3,3588.4,0,1,17.93,Low Risk,1011.5999999999999
23,104.45,2184.85,1,0,69.64,Medium Risk,1253.4
72,103.75,7346.2,0,0,8.18,Low Risk,1245.0
24,24.1,587.4,0,0,7.64,Low Risk,289.20000000000005
7,29.8,201.95,0,0,23.08,Low Risk,357.6
66,92.15,6056.9,0,0,7.23,Low Risk,1105.8000000000002
67,118.35,7804.15,0,1,17.19,Low Risk,1420.1999999999998
47,104.1,5135.15,0,0,26.13,Low Risk,1249.1999999999998
47,99.7,4747.2,1,0,36.76,Low Risk,1196.4
2,53.45,119.5,0,0,45.15,Medium Risk,641.4000000000001
12,25.25,274.7,0,0,15.82,Low Risk,303.0
3,70.3,220.4,0,0,55.76,Medium Risk,843.5999999999999
69,95.35,6382.0,1,0,12.72,Low Risk,1144.1999999999998
1,79.05,79.05,0,1,64.47,Medium Risk,948.5999999999999
8,43.45,345.5,0,0,29.71,Low Risk,521.4000000000001
3,105.35,323.25,0,1,77.66,High Risk,1264.1999999999998
30,51.2,1561.5,0,1,12.2,Low Risk,614.4000000000001
29,75.35,2243.9,0,0,25.02,Low Risk,904.1999999999999
40,20.6,827.3,0,0,2.47,Low Risk,247.20000000000002
72,86.65,6094.25,0,0,4.21,Low Risk,1039.8000000000002
48,111.45,5315.1,0,0,29.54,Low Risk,1337.4
47,85.5,4042.3,1,1,25.55,Low Risk,1026.0
4,20.05,91.45,1,0,35.44,Low Risk,240.60000000000002
72,114.05,8289.2,0,0,12.34,Low Risk,1368.6
1,19.75,19.75,0,0,24.98,Low Risk,237.0
52,25.6,1334.5,0,0,1.36,Low Risk,307.20000000000005
5,24.95,100.4,0,1,22.81,Low Risk,299.4
22,20.25,488.25,0,0,7.73,Low Risk,243.0
18,61.5,1087.45,0,0,28.48,Low Risk,738.0
54,24.75,1342.15,0,0,1.15,Low Risk,297.0
25,20.6,541.5,0,0,6.47,Low Risk,247.20000000000002
38,20.3,743.05,0,0,2.77,Low Risk,243.60000000000002
2,70.7,141.45,0,1,57.43,Medium Risk,848.4000000000001
2,54.35,117.05,0,0,45.77,Medium Risk,652.2
7,70.75,450.8,0,1,50.09,Medium Risk,849.0
4,56.4,234.85,0,0,44.24,Medium Risk,676.8
3,29.7,91.7,0,1,27.99,Low Risk,356.4
53,19.9,1110.05,0,0,1.04,Low Risk,238.79999999999998
17,20.05,337.9,0,0,10.34,Low Risk,240.60000000000002
70,44.6,3058.15,0,0,0.89,Low Risk,535.2
25,94.7,2362.1,0,1,43.88,Medium Risk,1136.4
1,20.3,20.3,0,0,25.27,Low Risk,243.60000000000002
1,49.55,49.55,0,0,43.84,Medium Risk,594.5999999999999
24,20.3,459.95,1,0,12.64,Low Risk,243.60000000000002
3,91.05,289.1,1,1,82.1,High Risk,1092.6
48,23.55,1173.35,0,0,1.64,Low Risk,282.6
66,62.5,4136.4,0,0,2.34,Low Risk,750.0
19,100.95,1875.55,0,1,56.66,Medium Risk,1211.4
1,50.45,50.45,0,1,44.48,Medium Risk,605.4000000000001
72,25.2,1787.35,0,0,0.36,Low Risk,302.4
10,19.85,193.05,0,0,15.46,Low Risk,238.20000000000002
54,65.65,3566.7,0,0,5.22,Low Risk,787.8000000000001
71,24.75,1836.9,0,0,0.38,Low Risk,297.0
27,75.75,1929.0,0,0,26.88,Low Risk,909.0
57,19.6,1134.25,0,0,0.78,Low Risk,235.20000000000002
10,70.3,676.15,0,0,45.5,Medium Risk,843.5999999999999
2,81.5,162.55,1,0,78.58,High Risk,978.0
34,79.95,2727.3,0,0,22.56,Low Risk,959.4000000000001
19,34.3,577.15,1,0,23.8,Low Risk,411.59999999999997
17,70.0,1144.5,0,1,35.46,Low Risk,840.0
66,29.45,1983.15,0,0,0.64,Low Risk,353.4
31,79.85,2404.15,0,1,25.31,Low Risk,958.1999999999999
56,45.05,2560.1,0,0,2.19,Low Risk,540.5999999999999
49,100.6,5069.65,0,1,21.57,Low Risk,1207.1999999999998
27,56.2,1567.55,0,0,16.52,Low Risk,674.4000000000001
45,73.55,3349.1,0,0,11.11,Low Risk,882.5999999999999
1,25.35,25.35,0,0,28.1,Low Risk,304.20000000000005
3,19.85,57.2,0,0,22.6,Low Risk,238.20000000000002
35,61.2,2021.2,0,0,12.34,Low Risk,734.4000000000001
5,78.95,378.4,1,1,74.16,High Risk,947.4000000000001
54,79.85,4308.25,0,0,8.59,Low Risk,958.1999999999999
13,19.65,244.8,0,0,12.94,Low Risk,235.79999999999998
3,94.85,335.75,1,0,83.74,High Risk,1138.1999999999998
9,75.75,655.9,0,1,51.03,Medium Risk,909.0
24,56.35,1381.2,0,0,19.2,Low Risk,676.2
9,68.25,576.95,0,0,45.37,Medium Risk,819.0
70,65.2,4543.15,0,0,2.05,Low Risk,782.4000000000001
72,110.45,7982.5,0,0,10.75,Low Risk,1325.4
45,109.75,4900.65,0,0,31.45,Low Risk,1317.0
39,40.3,1630.4,0,0,5.2,Low Risk,483.59999999999997
51,96.4,4911.05,0,0,17.1,Low Risk,1156.8000000000002
1,20.1,20.1,0,1,25.17,Low Risk,241.20000000000002
29,25.1,712.85,0,1,5.77,Low Risk,301.20000000000005
22,24.85,493.4,0,0,8.73,Low Risk,298.20000000000005
20,85.8,1727.5,1,1,60.61,Medium Risk,1029.6
8,29.35,216.45,0,0,21.68,Low Risk,352.20000000000005
15,84.3,1308.4,0,1,49.42,Medium Risk,1011.5999999999999
1,50.75,50.75,0,0,44.69,Medium Risk,609.0
54,60.0,3273.95,0,0,4.27,Low Risk,720.0
18,19.35,309.25,0,0,9.49,Low Risk,232.20000000000002
18,59.1,1011.05,1,0,42.25,Medium Risk,709.2
72,45.25,3139.8,0,0,0.8,Low Risk,543.0
33,24.5,740.3,0,1,4.36,Low Risk,294.0
7,69.85,515.45,0,0,49.73,Medium Risk,838.1999999999999
44,54.3,2390.45,0,0,6.16,Low Risk,651.5999999999999
2,74.9,147.15,0,1,60.34,Medium Risk,898.8000000000001
58,80.65,4807.35,0,0,7.34,Low Risk,967.8000000000001
2,94.2,167.5,0,1,72.55,High Risk,1130.4
17,19.7,340.35,0,0,10.25,Low Risk,236.39999999999998
36,104.8,3886.45,0,0,38.58,Low Risk,1257.6
71,89.45,6435.25,1,0,9.76,Low Risk,1073.4
67,75.7,5060.85,1,0,7.08,Low Risk,908.4000000000001
17,49.8,836.35,0,0,22.67,Low Risk,597.5999999999999
67,112.35,7388.45,0,0,14.0,Low Risk,1348.1999999999998
65,105.1,6631.85,0,0,11.78,Low Risk,1261.1999999999998
1,68.5,68.5,0,1,57.31,Medium Risk,822.0
7,81.1,576.65,0,1,57.93,Medium Risk,973.1999999999999
11,20.0,196.35,0,0,14.62,Low Risk,240.0
69,116.0,8182.85,0,0,15.27,Low Risk,1392.0
70,19.45,1303.5,0,0,0.32,Low Risk,233.39999999999998
72,64.45,4528.0,0,0,1.75,Low Risk,773.4000000000001
7,73.85,511.25,0,1,52.56,Medium Risk,886.1999999999999
3,69.65,220.1,0,1,55.31,Medium Risk,835.8000000000001
72,85.95,6151.9,0,0,4.17,Low Risk,1031.4
16,93.2,1573.7,0,1,55.13,Medium Risk,1118.4
38,20.05,741.5,0,0,2.75,Low Risk,240.60000000000002
1,70.85,70.85,0,1,58.94,Medium Risk,850.1999999999999
1,42.9,42.9,0,1,39.23,Low Risk,514.8
42,33.55,1445.3,0,1,3.43,Low Risk,402.59999999999997
3,75.05,202.9,1,0,74.14,High Risk,900.5999999999999
35,108.95,4025.5,0,0,43.72,Medium Risk,1307.4
72,114.3,8058.55,0,0,11.98,Low Risk,1371.6
64,25.55,1714.95,0,0,0.63,Low Risk,306.6
1,45.75,45.75,0,1,41.19,Medium Risk,549.0
12,54.2,690.5,0,0,31.52,Low Risk,650.4000000000001
10,89.8,914.3,1,1,75.12,High Risk,1077.6
15,19.75,297.3,0,1,11.56,Low Risk,237.0
29,45.0,1228.65,1,0,19.03,Low Risk,540.0
63,80.3,4896.35,0,0,5.31,Low Risk,963.5999999999999
36,104.5,3684.95,0,0,37.55,Low Risk,1254.0
55,94.45,5073.1,0,0,13.16,Low Risk,1133.4
72,106.1,7548.6,0,0,8.98,Low Risk,1273.1999999999998
5,64.0,370.25,0,0,48.46,Medium Risk,768.0
16,74.55,1170.5,0,0,40.26,Medium Risk,894.5999999999999
49,84.5,3906.7,0,0,12.44,Low Risk,1014.0
66,91.7,6075.9,0,0,7.16,Low Risk,1100.4
72,90.95,6652.45,0,0,5.2,Low Risk,1091.4
5,40.0,223.45,0,1,31.66,Low Risk,480.0
71,87.25,6328.7,0,0,4.76,Low Risk,1047.0
30,49.9,1441.95,0,0,11.59,Low Risk,598.8
18,83.25,1611.15,0,0,44.75,Medium Risk,999.0
4,94.75,422.4,1,0,82.94,High Risk,1137.0
67,106.7,7009.5,0,0,11.48,Low Risk,1280.4
69,84.9,5785.65,1,0,8.89,Low Risk,1018.8000000000001
39,20.45,790.0,0,0,2.62,Low Risk,245.39999999999998
52,105.1,5376.4,1,0,34.75,Low Risk,1261.1999999999998
38,99.25,3777.15,0,1,31.38,Low Risk,1191.0
71,108.55,7616.0,0,0,10.29,Low Risk,1302.6
3,81.35,233.7,1,1,77.52,High Risk,976.1999999999999
9,24.95,190.25,0,0,18.48,Low Risk,299.4
17,19.95,310.6,0,0,10.27,Low Risk,239.39999999999998
35,89.85,3161.2,0,0,27.96,Low Risk,1078.1999999999998
72,83.3,6042.7,0,0,3.81,Low Risk,999.5999999999999
41,19.75,899.45,0,0,2.28,Low Risk,237.0
63,86.7,5309.5,0,0,6.74,Low Risk,1040.4
32,85.95,2628.6,1,1,43.78,Medium Risk,1031.4
13,94.1,1215.6,0,1,59.38,Medium Risk,1129.1999999999998
72,23.3,1623.15,0,0,0.33,Low Risk,279.6
52,80.2,4297.6,0,0,9.83,Low Risk,962.4000000000001
31,101.4,3143.65,0,0,41.57,Medium Risk,1216.8000000000002
72,25.0,1738.9,0,0,0.35,Low Risk,300.0
29,98.6,2933.2,0,1,42.16,Medium Risk,1183.1999999999998
40,80.75,3208.65,0,0,17.53,Low Risk,969.0
66,104.6,6819.45,1,0,20.17,Low Risk,1255.1999999999998
1,94.4,94.4,0,1,73.79,High Risk,1132.8000000000002
2,46.0,84.5,0,1,39.83,Low Risk,552.0
72,115.15,8349.45,0,0,12.8,Low Risk,1381.8000000000002
66,102.4,6471.85,1,0,18.26,Low Risk,1228.8000000000002
50,54.9,2614.1,0,0,4.35,Low Risk,658.8
15,99.1,1426.4,0,1,60.3,Medium Risk,1189.1999999999998
37,78.95,2839.65,0,1,18.95,Low Risk,947.4000000000001
13,88.35,1222.8,0,1,55.41,Medium Risk,1060.1999999999998
58,97.8,5458.8,1,0,22.36,Low Risk,1173.6
15,74.2,1133.9,1,1,58.63,Medium Risk,890.4000000000001
18,19.8,342.3,0,0,9.65,Low Risk,237.60000000000002
72,95.9,6954.15,0,0,6.24,Low Risk,1150.8000000000002
31,87.6,2724.25,0,0,30.88,Low Risk,1051.1999999999998
53,19.65,978.0,0,0,1.01,Low Risk,235.79999999999998
26,81.9,2078.55,0,0,32.53,Low Risk,982.8000000000001
6,80.25,493.4,0,0,58.69,Medium Risk,963.0
61,114.1,7132.15,0,0,19.95,Low Risk,1369.1999999999998
9,79.35,661.25,0,1,53.6,Medium Risk,952.1999999999999
46,69.1,3168.0,0,0,9.05,Low Risk,829.1999999999999
62,65.1,3846.75,0,0,3.15,Low Risk,781.1999999999999
52,95.7,4976.15,0,0,16.02,Low Risk,1148.4
1,69.65,69.65,0,1,58.11,Medium Risk,835.8000000000001
11,29.6,346.45,0,0,18.77,Low Risk,355.20000000000005
72,116.45,8013.55,0,0,12.55,Low Risk,1397.4
32,93.5,2970.8,1,0,50.61,Medium Risk,1122.0
65,59.6,3739.8,0,0,2.16,Low Risk,715.2
52,50.95,2610.65,0,0,3.41,Low Risk,611.4000000000001
47,100.75,4669.2,0,0,22.86,Low Risk,1209.0
55,90.4,5099.15,0,0,11.95,Low Risk,1084.8000000000002
1,24.75,24.75,0,1,27.75,Low Risk,297.0
2,80.25,144.55,0,1,63.91,Medium Risk,963.0
35,19.6,686.95,0,0,3.3,Low Risk,235.20000000000002
33,20.1,579.4,0,0,3.77,Low Risk,241.20000000000002
15,101.9,1667.25,0,0,63.18,Medium Risk,1222.8000000000002
72,90.95,6468.6,0,0,5.04,Low Risk,1091.4
1,44.0,44.0,1,0,57.04,Medium Risk,528.0
43,56.15,2499.3,0,1,7.03,Low Risk,673.8
10,59.65,638.95,0,0,38.0,Low Risk,715.8
5,20.35,92.75,0,0,20.57,Low Risk,244.20000000000002
57,90.45,5229.8,0,0,10.78,Low Risk,1085.4
17,94.4,1607.2,0,1,54.38,Medium Risk,1132.8000000000002
52,102.7,5138.1,0,0,19.31,Low Risk,1232.4
15,58.6,939.7,0,1,30.61,Low Risk,703.2
24,76.1,1712.7,1,1,46.8,Medium Risk,913.1999999999999
30,94.4,2838.7,0,1,37.23,Low Risk,1132.8000000000002
3,77.4,206.15,0,0,60.61,Medium Risk,928.8000000000001
23,99.25,2186.4,0,1,49.83,Medium Risk,1191.0
29,19.35,601.6,0,0,4.85,Low Risk,232.20000000000002
1,24.4,24.4,0,0,27.55,Low Risk,292.79999999999995
2,50.2,109.25,0,0,42.83,Medium Risk,602.4000000000001
40,81.2,3292.3,0,0,17.94,Low Risk,974.4000000000001
1,44.0,44.0,0,0,39.98,Low Risk,528.0
62,39.0,2337.45,0,0,1.17,Low Risk,468.0
32,20.35,707.5,0,0,4.15,Low Risk,244.20000000000002
33,19.8,641.35,0,0,3.78,Low Risk,237.60000000000002
71,20.5,1500.95,0,0,0.32,Low Risk,246.0
10,20.15,220.8,0,0,15.64,Low Risk,241.79999999999998
15,65.6,1010.0,0,0,35.27,Low Risk,787.1999999999999
43,86.1,3551.65,0,0,17.55,Low Risk,1033.1999999999998
2,85.65,181.5,0,1,67.51,Medium Risk,1027.8000000000002
5,94.85,462.8,0,1,69.66,Medium Risk,1138.1999999999998
68,38.9,2719.2,0,0,0.82,Low Risk,466.79999999999995
2,44.65,74.9,0,1,38.87,Low Risk,535.8
66,110.6,7210.85,1,0,24.3,Low Risk,1327.1999999999998
1,69.65,69.65,0,1,58.11,Medium Risk,835.8000000000001
50,83.4,4113.7,1,0,20.96,Low Risk,1000.8000000000001
15,94.0,1505.45,0,0,57.12,Medium Risk,1128.0
65,104.25,6812.95,0,0,11.86,Low Risk,1251.0
68,105.3,7299.65,1,1,19.59,Low Risk,1263.6
72,20.7,1482.3,0,0,0.3,Low Risk,248.39999999999998
10,81.0,818.05,0,1,53.7,Medium Risk,972.0
58,45.0,2689.35,0,0,1.95,Low Risk,540.0
1,89.25,89.25,0,0,70.84,High Risk,1071.0
12,86.55,1066.9,0,0,55.21,Medium Risk,1038.6
55,77.8,4323.35,0,0,7.65,Low Risk,933.5999999999999
3,74.4,229.55,0,1,58.65,Medium Risk,892.8000000000001
15,69.0,994.8,0,1,37.45,Low Risk,828.0
54,97.2,5129.45,0,0,15.08,Low Risk,1166.4
12,29.3,355.9,1,0,29.89,Low Risk,351.6
2,20.0,32.7,0,0,23.85,Low Risk,240.0
13,44.0,659.35,0,0,24.2,Low Risk,528.0
20,69.8,1540.35,0,0,32.17,Low Risk,837.5999999999999
72,65.5,4919.7,0,0,1.93,Low Risk,786.0
67,65.65,4322.85,0,0,2.46,Low Risk,787.8000000000001
11,86.2,893.2,0,0,55.95,Medium Risk,1034.4
1,55.05,55.05,0,0,47.74,Medium Risk,660.5999999999999
72,89.8,6510.45,0,0,4.92,Low Risk,1077.6
30,50.0,1474.9,0,0,11.68,Low Risk,600.0
27,86.45,2401.05,1,0,51.89,Medium Risk,1037.4
14,59.45,780.85,0,0,32.05,Low Risk,713.4000000000001
1,43.95,43.95,0,0,39.95,Low Risk,527.4000000000001
46,79.2,3593.8,0,0,12.49,Low Risk,950.4000000000001
1,74.2,74.2,1,1,75.9,High Risk,890.4000000000001
52,39.1,1982.1,0,0,2.21,Low Risk,469.20000000000005
1,45.3,45.3,0,1,40.88,Medium Risk,543.5999999999999
22,94.7,1914.9,0,1,47.17,Medium Risk,1136.4
63,89.6,5538.8,1,0,14.0,Low Risk,1075.1999999999998
1,69.8,69.8,0,1,58.21,Medium Risk,837.5999999999999
32,72.8,2333.05,0,0,20.34,Low Risk,873.5999999999999
5,50.55,244.75,0,0,38.56,Low Risk,606.5999999999999
54,69.9,3883.3,0,0,6.17,Low Risk,838.8000000000001
1,19.5,19.5,0,0,24.84,Low Risk,234.0
18,99.85,1776.95,0,1,57.2,Medium Risk,1198.1999999999998
6,60.9,414.1,0,0,44.71,Medium Risk,730.8
6,55.3,324.25,0,1,40.43,Medium Risk,663.5999999999999
1,19.1,19.1,0,0,24.63,Low Risk,229.20000000000002
17,55.5,934.15,0,0,25.96,Low Risk,666.0
1,80.3,80.3,1,1,78.94,High Risk,963.5999999999999
9,79.75,769.1,0,0,54.35,Medium Risk,957.0
72,88.7,6501.35,0,0,4.77,Low Risk,1064.4
12,50.25,593.75,0,1,28.8,Low Risk,603.0
39,19.85,854.8,0,0,2.61,Low Risk,238.20000000000002
35,94.55,3365.4,1,0,47.81,Medium Risk,1134.6
72,107.5,7853.7,0,0,9.77,Low Risk,1290.0
17,55.85,937.5,0,1,26.17,Low Risk,670.2
72,69.65,4908.25,0,0,2.16,Low Risk,835.8000000000001
59,83.25,4949.1,0,0,7.53,Low Risk,999.0
72,99.4,7285.7,0,0,7.22,Low Risk,1192.8000000000002
60,80.95,4859.1,1,0,12.25,Low Risk,971.4000000000001
72,117.35,8436.25,1,0,24.02,Low Risk,1408.1999999999998
15,29.7,438.25,0,1,15.09,Low Risk,356.4
68,54.1,3794.5,0,0,1.52,Low Risk,649.2
71,104.05,7413.55,1,0,16.27,Low Risk,1248.6
58,105.05,6004.85,0,0,16.34,Low Risk,1260.6
44,100.55,4398.15,0,1,25.76,Low Risk,1206.6
72,109.75,8075.35,1,0,19.3,Low Risk,1317.0
6,25.4,153.3,0,0,21.97,Low Risk,304.79999999999995
9,20.25,186.15,0,0,16.54,Low Risk,243.0
66,20.0,1374.2,0,0,0.44,Low Risk,240.0
13,79.25,1111.65,0,1,48.48,Medium Risk,951.0
20,84.35,1745.2,1,0,59.7,Medium Risk,1012.1999999999999
1,19.2,19.2,0,0,24.68,Low Risk,230.39999999999998
5,24.3,132.25,0,0,22.59,Low Risk,291.6
51,83.85,4307.1,0,0,11.5,Low Risk,1006.1999999999999
32,80.35,2596.15,0,1,24.89,Low Risk,964.1999999999999
67,90.6,6056.15,0,1,6.49,Low Risk,1087.1999999999998
12,25.4,313.0,0,0,15.97,Low Risk,304.79999999999995
27,81.3,2272.8,0,0,31.37,Low Risk,975.5999999999999
60,97.95,5867.0,1,0,21.25,Low Risk,1175.4
18,64.8,1166.7,0,0,30.72,Low Risk,777.5999999999999
3,70.3,235.5,1,1,71.58,High Risk,843.5999999999999
1,19.3,19.3,0,1,24.74,Low Risk,231.60000000000002
2,20.35,45.3,0,0,24.08,Low Risk,244.20000000000002
30,40.35,1187.05,0,0,8.73,Low Risk,484.20000000000005
71,109.6,7854.15,0,0,10.97,Low Risk,1315.1999999999998
17,92.6,1579.7,0,0,52.99,Medium Risk,1111.1999999999998
3,84.3,235.05,0,0,65.3,Medium Risk,1011.5999999999999
1,45.3,45.3,0,0,40.88,Medium Risk,543.5999999999999
67,54.9,3725.5,1,0,3.23,Low Risk,658.8
31,81.7,2548.65,0,0,26.81,Low Risk,980.4000000000001
29,101.45,2948.6,1,0,61.24,Medium Risk,1217.4
41,83.75,3273.55,1,1,30.32,Low Risk,1005.0
11,79.5,795.65,0,0,50.79,Medium Risk,954.0
24,70.3,1706.45,0,0,27.21,Low Risk,843.5999999999999
18,45.65,747.2,0,0,19.3,Low Risk,547.8
25,85.9,2199.05,0,0,37.18,Low Risk,1030.8000000000002
13,45.3,528.45,1,0,39.22,Low Risk,543.5999999999999
4,79.9,324.3,0,1,61.12,Medium Risk,958.8000000000001
29,31.2,926.2,0,0,7.02,Low Risk,374.4
72,80.45,5737.6,0,0,3.35,Low Risk,965.4000000000001
70,20.05,1360.25,0,0,0.33,Low Risk,240.60000000000002
67,103.15,6895.5,0,0,10.31,Low Risk,1237.8000000000002
20,81.0,1683.7,0,0,40.07,Medium Risk,972.0
64,100.3,6603.8,0,0,11.06,Low Risk,1203.6
18,35.0,553.0,0,1,14.59,Low Risk,420.0
1,49.3,49.3,0,0,43.67,Medium Risk,591.5999999999999
72,83.55,6093.3,0,0,3.87,Low Risk,1002.5999999999999
67,100.9,6733.15,0,0,9.49,Low Risk,1210.8000000000002
5,70.0,347.4,0,1,52.62,Medium Risk,840.0
24,55.65,1400.55,0,1,18.94,Low Risk,667.8
59,20.35,1267.0,0,0,0.71,Low Risk,244.20000000000002
71,111.25,7984.15,0,0,11.67,Low Risk,1335.0
1,73.5,73.5,0,1,60.76,Medium Risk,882.0
36,19.2,702.9,0,0,3.06,Low Risk,230.39999999999998
25,18.7,383.65,0,0,6.0,Low Risk,224.39999999999998
6,69.8,377.85,0,0,50.85,Medium Risk,837.5999999999999
50,98.25,4858.7,0,0,18.78,Low Risk,1179.0
3,19.85,63.75,0,1,22.62,Low Risk,238.20000000000002
62,84.95,5150.55,0,0,6.69,Low Risk,1019.4000000000001
6,91.1,455.3,0,1,65.77,Medium Risk,1093.1999999999998
5,25.45,134.75,0,0,23.17,Low Risk,305.4
68,103.75,7039.45,0,0,10.05,Low Risk,1245.0
14,76.1,1054.8,0,0,44.26,Medium Risk,913.1999999999999
30,90.05,2627.2,1,0,50.17,Medium Risk,1080.6
37,95.15,3532.85,0,0,29.5,Low Risk,1141.8000000000002
69,113.25,7895.15,0,0,13.68,Low Risk,1359.0
27,25.85,788.55,0,0,6.79,Low Risk,310.20000000000005
51,110.05,5686.4,0,0,25.83,Low Risk,1320.6
7,61.4,438.9,0,0,43.43,Medium Risk,736.8
19,55.0,1046.5,0,1,23.45,Low Risk,660.0
25,19.9,510.8,0,0,6.32,Low Risk,238.79999999999998
56,100.55,5514.95,0,0,15.37,Low Risk,1206.6
1,19.1,19.1,0,0,24.63,Low Risk,229.20000000000002
68,53.0,3656.25,1,0,2.83,Low Risk,636.0
61,82.15,4904.85,1,0,11.95,Low Risk,985.8000000000001
68,19.35,1292.65,0,0,0.37,Low Risk,232.20000000000002
54,20.4,1090.6,0,0,0.98,Low Risk,244.79999999999998
1,50.45,50.45,0,1,44.48,Medium Risk,605.4000000000001
1,19.05,19.05,0,0,24.6,Low Risk,228.60000000000002
12,94.55,1173.55,0,0,61.19,Medium Risk,1134.6
26,56.05,1553.2,0,0,17.42,Low Risk,672.5999999999999
35,110.8,3836.3,1,0,61.22,Medium Risk,1329.6
72,25.1,1857.85,0,0,0.36,Low Risk,301.20000000000005
